{"topic":"iot-2/type/SingleAxisSensor/id/SingleAxisSensorBearing2-X-Axis/evt/event/fmt/json","payload":{"SingleAxisSensorBearing1-X-Axis":{"d":{"bearing":"1","rpm":659.91845703125,"order6":{"fftg":0.9206471133182531,"fftv":15.356131885231282},"order3":{"fftg":0.1384379716159376,"fftv":4.613248842008518},"axis":"X","order4":{"fftg":0.21320923187311602,"fftv":5.365037831110438},"order7":{"fftg":0.566065332153587,"fftv":8.14589327094501},"order8":{"fftg":0.10409613254264706,"fftv":1.363089615372044},"order5":{"fftg":0.5924170386562753,"fftv":11.914072847434534},"timestamp":1583930534,"temperature":30.623876571655273,"order2":{"fftg":0.016447149035126275,"fftv":0.8365416705397734},"order1":{"fftg":0.6497458431470399,"fftv":65.76577589848948}}},"SingleAxisSensorBearing1-Y-Axis":{"d":{"bearing":"1","rpm":659.91845703125,"order6":{"fftg":0.15913361826190453,"fftv":2.667259415855986},"order3":{"fftg":0.035337041304433506,"fftv":1.1874709739051799},"axis":"Y","order4":{"fftg":0.22526078615139133,"fftv":5.65625887952827},"order7":{"fftg":0.17713159837390197,"fftv":2.51198643975694},"order8":{"fftg":0.09194218390194475,"fftv":1.2086448915571026},"order5":{"fftg":0.22323903794725297,"fftv":4.487892025936469},"timestamp":1583930534,"temperature":30.623876571655273,"order2":{"fftg":0.018549275769978356,"fftv":0.9344898646926971},"order1":{"fftg":0.9768096152685968,"fftv":98.86993267810597}}},"SingleAxisSensorBearing2-X-Axis":{"d":{"bearing":"2","rpm":659.91845703125,"order6":{"fftg":0.7676005053628348,"fftv":12.767764087979844},"order3":{"fftg":0.16293616260906255,"fftv":5.372383278024069},"axis":"X","order4":{"fftg":0.1340190954197964,"fftv":3.372893638818319},"order7":{"fftg":0.5588257894338393,"fftv":8.025721660644367},"order8":{"fftg":0.17597473642586417,"fftv":2.245638922765231},"order5":{"fftg":0.4091720184119665,"fftv":8.232590938803098},"timestamp":1583930534,"temperature":30.623876571655273,"order2":{"fftg":0.022815008449502756,"fftv":1.1379033099418265},"order1":{"fftg":0.8673086266134072,"fftv":87.7709659611153}}}},"deviceId":"SingleAxisSensorBearing2-X-Axis","deviceType":"SingleAxisSensor","eventType":"event","format":"json","_msgid":"6c724648.6c3388"}