{"topic":"iot-2/type/SingleAxisSensor/id/SingleAxisSensorBearing2-X-Axis/evt/event/fmt/json","payload":{"SingleAxisSensorBearing1-X-Axis":{"d":{"bearing":"1","rpm":659.748291015625,"order6":{"fftg":1.0580613149070914,"fftv":17.644296765952312},"order3":{"fftg":0.10821047865900907,"fftv":3.633867610850868},"axis":"X","order4":{"fftg":0.20416527084265287,"fftv":5.121915837203931},"order7":{"fftg":0.613064597178562,"fftv":8.75074701336525},"order8":{"fftg":0.11856655144031636,"fftv":1.5451807439602485},"order5":{"fftg":0.6139236862019213,"fftv":12.331806714246712},"timestamp":1583929174,"temperature":30.20641326904297,"order2":{"fftg":0.012351637875568151,"fftv":0.614240040757166},"order1":{"fftg":0.6155992272660352,"fftv":62.30991610656926}}},"SingleAxisSensorBearing1-Y-Axis":{"d":{"bearing":"1","rpm":659.748291015625,"order6":{"fftg":0.1874386559259917,"fftv":3.1288969963572297},"order3":{"fftg":0.04019803383874166,"fftv":1.3535908594120645},"axis":"Y","order4":{"fftg":0.22299864309270484,"fftv":5.606398415572042},"order7":{"fftg":0.16931759141510722,"fftv":2.3806658713987123},"order8":{"fftg":0.11320615616488705,"fftv":1.4509548081592585},"order5":{"fftg":0.21657245503277203,"fftv":4.350256628957596},"timestamp":1583929174,"temperature":30.20641326904297,"order2":{"fftg":0.020113409068810154,"fftv":1.011220031835353},"order1":{"fftg":0.9295603953631969,"fftv":94.08791395545252}}},"SingleAxisSensorBearing2-X-Axis":{"d":{"bearing":"2","rpm":659.748291015625,"order6":{"fftg":0.8495426405493184,"fftv":14.143478220685756},"order3":{"fftg":0.12533291307327113,"fftv":4.108103132858772},"axis":"X","order4":{"fftg":0.12831589966532178,"fftv":3.2170244679372955},"order7":{"fftg":0.6748591079597355,"fftv":9.6227756659205},"order8":{"fftg":0.12635252126625418,"fftv":1.6110156350746685},"order5":{"fftg":0.44511374984858704,"fftv":8.943685567186145},"timestamp":1583929174,"temperature":30.20641326904297,"order2":{"fftg":0.027545932054436662,"fftv":1.3814272402552994},"order1":{"fftg":0.8145312517250354,"fftv":82.42834384079828}}}},"deviceId":"SingleAxisSensorBearing2-X-Axis","deviceType":"SingleAxisSensor","eventType":"event","format":"json","_msgid":"e49f29e7.5fb088"}