{"topic":"iot-2/type/SingleAxisSensor/id/SingleAxisSensorBearing1-X-Axis/evt/event/fmt/json","payload":{"SingleAxisSensorBearing1-Y-Axis":{"d":{"bearing":"1","rpm":659.5619201660156,"order6":{"fftg":0.15314968621239894,"fftv":2.5643167407215772},"order3":{"fftg":0.05099126152141163,"fftv":1.7042633386095807},"axis":"Y","order4":{"fftg":0.225269493682541,"fftv":5.661138104523373},"order7":{"fftg":0.2621140080146851,"fftv":3.720655046323778},"order8":{"fftg":0.15613225223659533,"fftv":1.977325068416777},"order5":{"fftg":0.21573349961825097,"fftv":4.336993323536617},"timestamp":1583929246,"temperature":30.341480255126953,"order2":{"fftg":0.019365971048794926,"fftv":0.9725403456636695},"order1":{"fftg":0.8712270394195917,"fftv":88.1814605945609}}},"SingleAxisSensorBearing2-X-Axis":{"d":{"bearing":"2","rpm":659.5619201660156,"order6":{"fftg":0.49949086446081775,"fftv":8.317136870241292},"order3":{"fftg":0.13015333442904325,"fftv":4.28764142906827},"axis":"X","order4":{"fftg":0.12854258195520685,"fftv":3.230893219916161},"order7":{"fftg":0.4641853503996638,"fftv":6.64775859739208},"order8":{"fftg":0.19733811170906157,"fftv":2.488319314778937},"order5":{"fftg":0.4256811426651662,"fftv":8.54615234918917},"timestamp":1583929246,"temperature":30.341480255126953,"order2":{"fftg":0.013629932315403446,"fftv":0.6920052348245351},"order1":{"fftg":0.76557802660716,"fftv":77.47074054301136}}},"SingleAxisSensorBearing1-X-Axis":{"d":{"bearing":"1","rpm":659.5619201660156,"order6":{"fftg":0.7093075155032265,"fftv":11.884647869211097},"order3":{"fftg":0.13735044017175246,"fftv":4.569993836909982},"axis":"X","order4":{"fftg":0.18757926044254103,"fftv":4.717963327068748},"order7":{"fftg":0.6476639743784923,"fftv":9.254923147052056},"order8":{"fftg":0.08371487462407017,"fftv":1.0751766703980832},"order5":{"fftg":0.6219333868704582,"fftv":12.489455558314473},"timestamp":1583929246,"temperature":30.341480255126953,"order2":{"fftg":0.018488908104254093,"fftv":0.9220281115315762},"order1":{"fftg":0.5718484234307968,"fftv":57.87972570884733}}}},"deviceId":"SingleAxisSensorBearing1-X-Axis","deviceType":"SingleAxisSensor","eventType":"event","format":"json","_msgid":"8693ae9d.5d5a2"}