{"topic":"iot-2/type/SingleAxisSensor/id/SingleAxisSensorBearing1-Y-Axis/evt/event/fmt/json","payload":{"SingleAxisSensorBearing1-X-Axis":{"d":{"bearing":"1","rpm":659.7702026367188,"order6":{"fftg":0.8953216157045576,"fftv":14.891735149965658},"order3":{"fftg":0.10036189766340692,"fftv":3.343335162921618},"axis":"X","order4":{"fftg":0.23000439373667028,"fftv":5.783423363135049},"order7":{"fftg":0.5055216445216604,"fftv":7.231521394141236},"order8":{"fftg":0.09355033057339884,"fftv":1.2011051000563482},"order5":{"fftg":0.615032844299553,"fftv":12.33340569294752},"timestamp":1583930677,"temperature":30.636171340942383,"order2":{"fftg":0.01682134284356785,"fftv":0.8434751839923863},"order1":{"fftg":0.6610314457215541,"fftv":66.90841589062047}}},"SingleAxisSensorBearing2-X-Axis":{"d":{"bearing":"2","rpm":659.7702026367188,"order6":{"fftg":0.7108840376162174,"fftv":11.792969062116656},"order3":{"fftg":0.13671065374462027,"fftv":4.486551577508084},"axis":"X","order4":{"fftg":0.1501608148108401,"fftv":3.7760067044453245},"order7":{"fftg":0.4373199238730573,"fftv":6.271469609070344},"order8":{"fftg":0.12000037801771898,"fftv":1.5275937842030398},"order5":{"fftg":0.4515330114002824,"fftv":9.04890410807892},"timestamp":1583930677,"temperature":30.636171340942383,"order2":{"fftg":0.02742087946554003,"fftv":1.3652948010037782},"order1":{"fftg":0.8984916443273412,"fftv":90.92845451053327}}},"SingleAxisSensorBearing1-Y-Axis":{"d":{"bearing":"1","rpm":659.7702026367188,"order6":{"fftg":0.16743660085597503,"fftv":2.789974935901279},"order3":{"fftg":0.03787739223796381,"fftv":1.2640832441834753},"axis":"Y","order4":{"fftg":0.22931033353758118,"fftv":5.754943822380169},"order7":{"fftg":0.14177267687625544,"fftv":1.999185761980684},"order8":{"fftg":0.11454347783904484,"fftv":1.4639664598700253},"order5":{"fftg":0.22759076469107808,"fftv":4.569883366601767},"timestamp":1583930677,"temperature":30.636171340942383,"order2":{"fftg":0.02023239793253797,"fftv":1.017636702200672},"order1":{"fftg":0.9963857788965538,"fftv":100.85162712006053}}}},"deviceId":"SingleAxisSensorBearing1-Y-Axis","deviceType":"SingleAxisSensor","eventType":"event","format":"json","_msgid":"9fa1a543.2ab218"}