{"topic":"iot-2/type/SingleAxisSensor/id/SingleAxisSensorBearing2-X-Axis/evt/event/fmt/json","payload":{"SingleAxisSensorBearing1-X-Axis":{"d":{"bearing":"1","rpm":659.7547912597656,"order6":{"fftg":0.9638697362941611,"fftv":16.05274101786107},"order3":{"fftg":0.1393792764258804,"fftv":4.643704446124303},"axis":"X","order4":{"fftg":0.23637346130776718,"fftv":5.942690753695294},"order7":{"fftg":0.4554497712801111,"fftv":6.548154908394703},"order8":{"fftg":0.1674468436477928,"fftv":2.098011125328342},"order5":{"fftg":0.5987020409536,"fftv":12.0403295717346},"timestamp":1583930106,"temperature":30.427438735961914,"order2":{"fftg":0.016598867800612944,"fftv":0.8347667327976049},"order1":{"fftg":0.6459613348332836,"fftv":65.38237304619936}}},"SingleAxisSensorBearing1-Y-Axis":{"d":{"bearing":"1","rpm":659.7547912597656,"order6":{"fftg":0.14717227839418395,"fftv":2.464348015776235},"order3":{"fftg":0.03828294224148542,"fftv":1.2861182698526974},"axis":"Y","order4":{"fftg":0.2274684435458523,"fftv":5.7110816562568205},"order7":{"fftg":0.116329191490833,"fftv":1.6482202511976825},"order8":{"fftg":0.13684859952841608,"fftv":1.7175464190827763},"order5":{"fftg":0.22224758380191167,"fftv":4.468420185492483},"timestamp":1583930106,"temperature":30.427438735961914,"order2":{"fftg":0.01956795906677382,"fftv":0.9833433443913161},"order1":{"fftg":0.9726772428299266,"fftv":98.45143216893302}}},"SingleAxisSensorBearing2-X-Axis":{"d":{"bearing":"2","rpm":659.7547912597656,"order6":{"fftg":0.8110525279811649,"fftv":13.470624325170826},"order3":{"fftg":0.16072764473231682,"fftv":5.303384114642011},"axis":"X","order4":{"fftg":0.15473365536707237,"fftv":3.8896992323058437},"order7":{"fftg":0.5259165897405619,"fftv":7.54794373102967},"order8":{"fftg":0.16452657710911103,"fftv":2.0486849340795406},"order5":{"fftg":0.42952898608476414,"fftv":8.642321369729475},"timestamp":1583930106,"temperature":30.427438735961914,"order2":{"fftg":0.023328549143507026,"fftv":1.1633197881101194},"order1":{"fftg":0.8807983560151895,"fftv":89.13816953628458}}}},"deviceId":"SingleAxisSensorBearing2-X-Axis","deviceType":"SingleAxisSensor","eventType":"event","format":"json","_msgid":"e633739d.dae8d"}