{"topic":"iot-2/type/SingleAxisSensor/id/SingleAxisSensorBearing2-X-Axis/evt/event/fmt/json","payload":{"SingleAxisSensorBearing1-Y-Axis":{"d":{"bearing":"1","rpm":659.9019775390625,"order6":{"fftg":0.14376388014824762,"fftv":2.414541721532809},"order3":{"fftg":0.032147493179686966,"fftv":1.0773900905500047},"axis":"Y","order4":{"fftg":0.20838425487887785,"fftv":5.246067176724725},"order7":{"fftg":0.18327749557030773,"fftv":2.599793165516844},"order8":{"fftg":0.1762864382027918,"fftv":2.241551011638079},"order5":{"fftg":0.2137344257085572,"fftv":4.300857507880288},"timestamp":1583929534,"temperature":30.28011131286621,"order2":{"fftg":0.0172628089214299,"fftv":0.8684263513343854},"order1":{"fftg":0.9056618840352165,"fftv":91.6664692869784}}},"SingleAxisSensorBearing1-X-Axis":{"d":{"bearing":"1","rpm":659.9019775390625,"order6":{"fftg":0.7557005841646134,"fftv":12.63499445891164},"order3":{"fftg":0.10668568930175798,"fftv":3.560649952522343},"axis":"X","order4":{"fftg":0.2300605298161134,"fftv":5.772126003076311},"order7":{"fftg":0.48934856269597854,"fftv":7.038143882206901},"order8":{"fftg":0.13143388729939878,"fftv":1.6865150503817408},"order5":{"fftg":0.5838734441356306,"fftv":11.747986334280434},"timestamp":1583929534,"temperature":30.28011131286621,"order2":{"fftg":0.01477255441839512,"fftv":0.7352694920977864},"order1":{"fftg":0.5965099478290554,"fftv":60.375792434104135}}},"SingleAxisSensorBearing2-X-Axis":{"d":{"bearing":"2","rpm":659.9019775390625,"order6":{"fftg":0.6198978612482597,"fftv":10.31109666472862},"order3":{"fftg":0.142573958063412,"fftv":4.698780929452253},"axis":"X","order4":{"fftg":0.15996849198533566,"fftv":4.012027992491752},"order7":{"fftg":0.44626365182602074,"fftv":6.420466996392658},"order8":{"fftg":0.1462091720980016,"fftv":1.8695424580928326},"order5":{"fftg":0.3916831551046729,"fftv":7.887045448501771},"timestamp":1583929534,"temperature":30.28011131286621,"order2":{"fftg":0.01784247200006128,"fftv":0.8896119376528006},"order1":{"fftg":0.8212023377526295,"fftv":83.10494692901966}}}},"deviceId":"SingleAxisSensorBearing2-X-Axis","deviceType":"SingleAxisSensor","eventType":"event","format":"json","_msgid":"5179e911.1f4bd8"}