{"topic":"iot-2/type/SingleAxisSensor/id/SingleAxisSensorBearing2-X-Axis/evt/event/fmt/json","payload":{"SingleAxisSensorBearing1-X-Axis":{"d":{"bearing":"1","rpm":659.87451171875,"order6":{"fftg":0.9475820489561348,"fftv":15.798034444120344},"order3":{"fftg":0.10821799406394836,"fftv":3.6045776809146006},"axis":"X","order4":{"fftg":0.23603525019134333,"fftv":5.922668601460908},"order7":{"fftg":0.35625111524646663,"fftv":5.105082547607342},"order8":{"fftg":0.1219242678003627,"fftv":1.58841153921615},"order5":{"fftg":0.57101803548725,"fftv":11.490482395349213},"timestamp":1583930606,"temperature":30.40288543701172,"order2":{"fftg":0.011404466155519157,"fftv":0.5761139498721033},"order1":{"fftg":0.5968525115240249,"fftv":60.41070289783768}}},"SingleAxisSensorBearing1-Y-Axis":{"d":{"bearing":"1","rpm":659.87451171875,"order6":{"fftg":0.14614098403644799,"fftv":2.4511228540772527},"order3":{"fftg":0.03785587351899682,"fftv":1.2716295771308317},"axis":"Y","order4":{"fftg":0.21857029360520483,"fftv":5.494912301900628},"order7":{"fftg":0.14985738664456727,"fftv":2.1204681658659292},"order8":{"fftg":0.11979299320235084,"fftv":1.5377955973148474},"order5":{"fftg":0.22087249999109476,"fftv":4.44156352017499},"timestamp":1583930606,"temperature":30.40288543701172,"order2":{"fftg":0.01580955698087948,"fftv":0.7958124195805008},"order1":{"fftg":0.9068520343002526,"fftv":91.78728698998816}}},"SingleAxisSensorBearing2-X-Axis":{"d":{"bearing":"2","rpm":659.87451171875,"order6":{"fftg":0.7786780141560441,"fftv":12.942462192465996},"order3":{"fftg":0.10659104100143764,"fftv":3.49994879969347},"axis":"X","order4":{"fftg":0.15553220540826299,"fftv":3.900984277941008},"order7":{"fftg":0.3342258763267264,"fftv":4.779502941280282},"order8":{"fftg":0.12781511189586456,"fftv":1.6505280947301337},"order5":{"fftg":0.3926291485612142,"fftv":7.900722828025475},"timestamp":1583930606,"temperature":30.40288543701172,"order2":{"fftg":0.017059266045716573,"fftv":0.8528543241512974},"order1":{"fftg":0.8162708707365545,"fftv":82.60562499366968}}}},"deviceId":"SingleAxisSensorBearing2-X-Axis","deviceType":"SingleAxisSensor","eventType":"event","format":"json","_msgid":"9d76a0e1.93706"}