{"topic":"iot-2/type/SingleAxisSensor/id/SingleAxisSensorBearing2-X-Axis/evt/event/fmt/json","payload":{"SingleAxisSensorBearing1-X-Axis":{"d":{"bearing":"1","rpm":659.6834716796875,"order6":{"fftg":1.0864354745332094,"fftv":18.12539096809734},"order3":{"fftg":0.08168639473387383,"fftv":2.740338247413492},"axis":"X","order4":{"fftg":0.19947325560188658,"fftv":5.00711206755236},"order7":{"fftg":0.5975340707076505,"fftv":8.552987323422867},"order8":{"fftg":0.09858905248140425,"fftv":1.2754929015822167},"order5":{"fftg":0.6410313786553072,"fftv":12.895119416720972},"timestamp":1583930320,"temperature":30.550212860107422,"order2":{"fftg":0.010126001189390933,"fftv":0.5146671713600227},"order1":{"fftg":0.5834996350186016,"fftv":59.058129626906265}}},"SingleAxisSensorBearing1-Y-Axis":{"d":{"bearing":"1","rpm":659.6834716796875,"order6":{"fftg":0.18201303356569137,"fftv":3.047571046869845},"order3":{"fftg":0.02915508781503509,"fftv":0.9829935463686158},"axis":"Y","order4":{"fftg":0.2167392398035249,"fftv":5.44473146293794},"order7":{"fftg":0.1460624708179861,"fftv":2.0513535960032216},"order8":{"fftg":0.10078440654595722,"fftv":1.3364415755071022},"order5":{"fftg":0.23060863155679584,"fftv":4.635808805051082},"timestamp":1583930320,"temperature":30.550212860107422,"order2":{"fftg":0.017756391359804086,"fftv":0.8911573866157765},"order1":{"fftg":0.8907200391524785,"fftv":90.15370934697202}}},"SingleAxisSensorBearing2-X-Axis":{"d":{"bearing":"2","rpm":659.6834716796875,"order6":{"fftg":0.8896191053552747,"fftv":14.81073533064451},"order3":{"fftg":0.12275328423161039,"fftv":4.038951108924771},"axis":"X","order4":{"fftg":0.1339284419017076,"fftv":3.364989524236276},"order7":{"fftg":0.5955271580345505,"fftv":8.525546885459615},"order8":{"fftg":0.091805928200012,"fftv":1.1709391335264578},"order5":{"fftg":0.4378809145618272,"fftv":8.806043529812312},"timestamp":1583930320,"temperature":30.550212860107422,"order2":{"fftg":0.020234807124577567,"fftv":1.0059351999136565},"order1":{"fftg":0.78030736793415,"fftv":78.96160217541346}}}},"deviceId":"SingleAxisSensorBearing2-X-Axis","deviceType":"SingleAxisSensor","eventType":"event","format":"json","_msgid":"4e54b2a3.69d44c"}