{"topic":"iot-2/type/SingleAxisSensor/id/SingleAxisSensorBearing2-X-Axis/evt/event/fmt/json","payload":{"SingleAxisSensorBearing1-Y-Axis":{"d":{"bearing":"1","rpm":659.7647399902344,"order6":{"fftg":0.16390260094181447,"fftv":2.7373640619739605},"order3":{"fftg":0.04320546362906399,"fftv":1.4427033164627872},"axis":"Y","order4":{"fftg":0.23325307708919069,"fftv":5.858478156621034},"order7":{"fftg":0.21698159229395952,"fftv":3.08021920760167},"order8":{"fftg":0.14408714036830422,"fftv":1.8170421532662404},"order5":{"fftg":0.23092393745483214,"fftv":4.6376671595688395},"timestamp":1583929461,"temperature":30.28011131286621,"order2":{"fftg":0.01885636751336972,"fftv":0.9518034127693187},"order1":{"fftg":0.9559879300365662,"fftv":96.76297332480435}}},"SingleAxisSensorBearing1-X-Axis":{"d":{"bearing":"1","rpm":659.7647399902344,"order6":{"fftg":0.65425343214828,"fftv":10.972434545227589},"order3":{"fftg":0.14335374687117503,"fftv":4.763051208256262},"axis":"X","order4":{"fftg":0.1889897234124679,"fftv":4.753769422134283},"order7":{"fftg":0.5565087130592369,"fftv":7.945720028394579},"order8":{"fftg":0.07473663814484227,"fftv":0.9681074222620666},"order5":{"fftg":0.6466701033323019,"fftv":12.97796170772646},"timestamp":1583929461,"temperature":30.28011131286621,"order2":{"fftg":0.02198414325847983,"fftv":1.1141923373668812},"order1":{"fftg":0.6331656736034564,"fftv":64.08779782883012}}},"SingleAxisSensorBearing2-X-Axis":{"d":{"bearing":"2","rpm":659.7647399902344,"order6":{"fftg":0.44625440346033013,"fftv":7.455193441684786},"order3":{"fftg":0.15378330813033095,"fftv":5.05556166663927},"axis":"X","order4":{"fftg":0.12443120328899777,"fftv":3.130415707789776},"order7":{"fftg":0.4444698988292919,"fftv":6.343521149301457},"order8":{"fftg":0.20966709806112668,"fftv":2.6598313933222477},"order5":{"fftg":0.44446906517263896,"fftv":8.921648511237933},"timestamp":1583929461,"temperature":30.28011131286621,"order2":{"fftg":0.011546964835931393,"fftv":0.5742942372491013},"order1":{"fftg":0.8429963749312098,"fftv":85.30927525800094}}}},"deviceId":"SingleAxisSensorBearing2-X-Axis","deviceType":"SingleAxisSensor","eventType":"event","format":"json","_msgid":"3b849fe5.306c5"}