{"topic":"iot-2/type/SingleAxisSensor/id/SingleAxisSensorBearing2-X-Axis/evt/event/fmt/json","payload":{"SingleAxisSensorBearing1-X-Axis":{"d":{"bearing":"1","rpm":659.8546447753906,"order6":{"fftg":0.8806869863868968,"fftv":14.682755094520834},"order3":{"fftg":0.10866879980063503,"fftv":3.647640743627158},"axis":"X","order4":{"fftg":0.22608102379662456,"fftv":5.671395528244874},"order7":{"fftg":0.6492092780761435,"fftv":9.27963081470578},"order8":{"fftg":0.1256765903888696,"fftv":1.5780173390022858},"order5":{"fftg":0.5419101474282093,"fftv":10.903343523245296},"timestamp":1583929390,"temperature":30.218708038330078,"order2":{"fftg":0.025290521591984996,"fftv":1.2623750630010766},"order1":{"fftg":0.6327206026237813,"fftv":64.04179043645668}}},"SingleAxisSensorBearing1-Y-Axis":{"d":{"bearing":"1","rpm":659.8546447753906,"order6":{"fftg":0.1675601771747464,"fftv":2.8013017885042912},"order3":{"fftg":0.04490763223314868,"fftv":1.5106363381753556},"axis":"Y","order4":{"fftg":0.237676685438161,"fftv":5.973235533860104},"order7":{"fftg":0.17630416396774545,"fftv":2.4989575032950824},"order8":{"fftg":0.09920586849954197,"fftv":1.2556500842458111},"order5":{"fftg":0.22798885923459494,"fftv":4.583980544721941},"timestamp":1583929390,"temperature":30.218708038330078,"order2":{"fftg":0.018102546913244148,"fftv":0.9118171090709685},"order1":{"fftg":0.9600064878253823,"fftv":97.16818869644136}}},"SingleAxisSensorBearing2-X-Axis":{"d":{"bearing":"2","rpm":659.8546447753906,"order6":{"fftg":0.7243281110133496,"fftv":12.04483329712728},"order3":{"fftg":0.1274758812171172,"fftv":4.187271432045116},"axis":"X","order4":{"fftg":0.160457816705929,"fftv":4.024520611643956},"order7":{"fftg":0.6131715960564399,"fftv":8.753246283312803},"order8":{"fftg":0.11418518047347818,"fftv":1.4558220925594663},"order5":{"fftg":0.38893213140697996,"fftv":7.824569278748091},"timestamp":1583929390,"temperature":30.218708038330078,"order2":{"fftg":0.013603629551903107,"fftv":0.6783453782149149},"order1":{"fftg":0.8771968167137543,"fftv":88.77360553736251}}}},"deviceId":"SingleAxisSensorBearing2-X-Axis","deviceType":"SingleAxisSensor","eventType":"event","format":"json","_msgid":"9f78ef20.d7df3"}