{
	"topic": "iot-2/type/SingleAxisSensor/id/SingleAxisSensorBearing2-X-Axis/evt/event/fmt/json",
	"payload": {
		"SingleAxisSensorBearing1-X-Axis": {
			"d": {
				"order7": {
					"fftv": 6.7562876667033608,
					"fftg": 0.4720185441001388
				},
				"order4": {
					"fftv": 1.1898250902802748,
					"fftg": 0.04833272549281726
				},
				"rpm": 661.1730651855469,
				"bearing": "1",
				"order8": {
					"fftv": 1.067237197128937,
					"fftg": 0.0848869205982389
				},
				"order3": {
					"fftv": 2.046814238908163,
					"fftg": 0.061491593791287619
				},
				"order2": {
					"fftv": 1.020790459802724,
					"fftg": 0.020297364996751615
				},
				"axis": "X",
				"order1": {
					"fftv": 4.150827549946197,
					"fftg": 0.04099525122906282
				},
				"timestamp": 1583921425,
				"temperature": 29.83809471130371,
				"order6": {
					"fftv": 8.516851768459201,
					"fftg": 0.5116301452540977
				},
				"order5": {
					"fftv": 10.659952960711135,
					"fftg": 0.5315836978302593
				}
			}
		},
		"SingleAxisSensorBearing1-Y-Axis": {
			"d": {
				"order7": {
					"fftv": 0.7021807288903319,
					"fftg": 0.050512158754479789
				},
				"order4": {
					"fftv": 4.900837113804188,
					"fftg": 0.19522257446570605
				},
				"rpm": 661.1730651855469,
				"bearing": "1",
				"order8": {
					"fftv": 1.4082837973700664,
					"fftg": 0.11059459424885578
				},
				"order3": {
					"fftv": 0.6038761842515928,
					"fftg": 0.018203860119941748
				},
				"order2": {
					"fftv": 0.4066173688312611,
					"fftg": 0.008071804093732708
				},
				"axis": "Y",
				"order1": {
					"fftv": 4.211005040374511,
					"fftg": 0.041602186614378536
				},
				"timestamp": 1583921425,
				"temperature": 29.83809471130371,
				"order6": {
					"fftv": 1.3818631830349775,
					"fftg": 0.08317935189678172
				},
				"order5": {
					"fftv": 3.3706768515894196,
					"fftg": 0.16812499930984479
				}
			}
		},
		"SingleAxisSensorBearing2-X-Axis": {
			"d": {
				"order7": {
					"fftv": 7.116087385630078,
					"fftg": 0.4972039625135605
				},
				"order4": {
					"fftv": 1.6443342022606902,
					"fftg": 0.06572032346823499
				},
				"rpm": 661.1730651855469,
				"bearing": "2",
				"order8": {
					"fftv": 2.4604848880394929,
					"fftg": 0.1964958090162551
				},
				"order3": {
					"fftv": 3.914571680093347,
					"fftg": 0.11975174909097732
				},
				"order2": {
					"fftv": 0.4588298618815644,
					"fftg": 0.009143046764722265
				},
				"axis": "X",
				"order1": {
					"fftv": 10.114159012506516,
					"fftg": 0.09991797789285467
				},
				"timestamp": 1583921425,
				"temperature": 29.83809471130371,
				"order6": {
					"fftv": 7.719111895223375,
					"fftg": 0.4683798322213926
				},
				"order5": {
					"fftv": 7.245148799846908,
					"fftg": 0.3614159278769513
				}
			}
		}
	},
	"deviceId": "SingleAxisSensorBearing2-X-Axis",
	"deviceType": "SingleAxisSensor",
	"eventType": "event",
	"format": "json",
	"_msgid": "861c6dd2.a17fa"
}