{
	"topic": "iot-2/type/SingleAxisSensor/id/SingleAxisSensorBearing2-X-Axis/evt/event/fmt/json",
	"payload": {
		"SingleAxisSensorBearing1-X-Axis": {
			"d": {
				"order7": {
					"fftv": 7.233365656378654,
					"fftg": 0.5043765989470749
				},
				"order4": {
					"fftv": 1.5464208505315654,
					"fftg": 0.06294435706559983
				},
				"rpm": 661.7138061523438,
				"bearing": "1",
				"order8": {
					"fftv": 0.999369379693904,
					"fftg": 0.0768022411449896
				},
				"order3": {
					"fftv": 4.053911664594793,
					"fftg": 0.12214722671839105
				},
				"order2": {
					"fftv": 0.38828611172606716,
					"fftg": 0.0076564895257808609
				},
				"axis": "X",
				"order1": {
					"fftv": 2.731814970106783,
					"fftg": 0.026991801251735935
				},
				"timestamp": 1583922495,
				"temperature": 29.445186614990236,
				"order6": {
					"fftv": 14.530846253962182,
					"fftg": 0.87793746594049
				},
				"order5": {
					"fftv": 8.02682651833456,
					"fftg": 0.4003592462393772
				}
			}
		},
		"SingleAxisSensorBearing1-Y-Axis": {
			"d": {
				"order7": {
					"fftv": 1.6243898207518226,
					"fftg": 0.11441102710183802
				},
				"order4": {
					"fftv": 7.269075230930636,
					"fftg": 0.2907631226244095
				},
				"rpm": 661.7138061523438,
				"bearing": "1",
				"order8": {
					"fftv": 1.4629552424437236,
					"fftg": 0.11613525143909173
				},
				"order3": {
					"fftv": 1.176417600591639,
					"fftg": 0.03546794424950102
				},
				"order2": {
					"fftv": 0.5824889754623883,
					"fftg": 0.011590897635558892
				},
				"axis": "Y",
				"order1": {
					"fftv": 4.300454634710115,
					"fftg": 0.04248371084664169
				},
				"timestamp": 1583922495,
				"temperature": 29.445186614990236,
				"order6": {
					"fftv": 1.1269964882629804,
					"fftg": 0.06825782768574954
				},
				"order5": {
					"fftv": 3.302149286218446,
					"fftg": 0.16474454288067998
				}
			}
		},
		"SingleAxisSensorBearing2-X-Axis": {
			"d": {
				"order7": {
					"fftv": 8.894089305785882,
					"fftg": 0.6203085023778832
				},
				"order4": {
					"fftv": 0.8967944224702553,
					"fftg": 0.03642078967797636
				},
				"rpm": 661.7138061523438,
				"bearing": "2",
				"order8": {
					"fftv": 1.596527819868675,
					"fftg": 0.12653137481621189
				},
				"order3": {
					"fftv": 6.082950334536547,
					"fftg": 0.1851932915747582
				},
				"order2": {
					"fftv": 0.9195709283117654,
					"fftg": 0.018432281100824008
				},
				"axis": "X",
				"order1": {
					"fftv": 6.328546255291536,
					"fftg": 0.06253820830944142
				},
				"timestamp": 1583922495,
				"temperature": 29.445186614990236,
				"order6": {
					"fftv": 13.200854803922248,
					"fftg": 0.8001946254161189
				},
				"order5": {
					"fftv": 5.977616784048885,
					"fftg": 0.298359246020274
				}
			}
		}
	},
	"deviceId": "SingleAxisSensorBearing2-X-Axis",
	"deviceType": "SingleAxisSensor",
	"eventType": "event",
	"format": "json",
	"_msgid": "f46b08f7.499948"
}