{
	"topic": "iot-2/type/SingleAxisSensor/id/SingleAxisSensorBearing1-Y-Axis/evt/event/fmt/json",
	"payload": {
		"SingleAxisSensorBearing1-X-Axis": {
			"d": {
				"order7": {
					"fftv": 6.496558430912953,
					"fftg": 0.45584406826451548
				},
				"order4": {
					"fftv": 0.44457562164773309,
					"fftg": 0.018103469221798956
				},
				"rpm": 661.4688110351563,
				"bearing": "1",
				"order8": {
					"fftv": 0.9521989995291874,
					"fftg": 0.07396673168821182
				},
				"order3": {
					"fftv": 1.690226577451161,
					"fftg": 0.05082819050635209
				},
				"order2": {
					"fftv": 0.8266287304552683,
					"fftg": 0.016415543782550534
				},
				"axis": "X",
				"order1": {
					"fftv": 4.254559896364526,
					"fftg": 0.042022169042698859
				},
				"timestamp": 1583921997,
				"temperature": 29.617067337036134,
				"order6": {
					"fftv": 13.696677890187783,
					"fftg": 0.8242519672870892
				},
				"order5": {
					"fftv": 10.287127665357897,
					"fftg": 0.5130496677432256
				}
			}
		},
		"SingleAxisSensorBearing2-X-Axis": {
			"d": {
				"order7": {
					"fftv": 6.15139196983801,
					"fftg": 0.43095317358245335
				},
				"order4": {
					"fftv": 0.7526828267980097,
					"fftg": 0.029911430672983978
				},
				"rpm": 661.4688110351563,
				"bearing": "2",
				"order8": {
					"fftv": 1.338887896518386,
					"fftg": 0.10645098557361736
				},
				"order3": {
					"fftv": 3.4245915835019926,
					"fftg": 0.10446239126046012
				},
				"order2": {
					"fftv": 0.6354513427990447,
					"fftg": 0.012811693058445349
				},
				"axis": "X",
				"order1": {
					"fftv": 10.359757313463965,
					"fftg": 0.10234707997523729
				},
				"timestamp": 1583921997,
				"temperature": 29.617067337036134,
				"order6": {
					"fftv": 11.763064260839112,
					"fftg": 0.710502047812603
				},
				"order5": {
					"fftv": 7.299634291717063,
					"fftg": 0.3641068299383306
				}
			}
		},
		"SingleAxisSensorBearing1-Y-Axis": {
			"d": {
				"order7": {
					"fftv": 1.3217568246681455,
					"fftg": 0.09369905443558049
				},
				"order4": {
					"fftv": 5.698211677945671,
					"fftg": 0.22740294434801198
				},
				"rpm": 661.4688110351563,
				"bearing": "1",
				"order8": {
					"fftv": 0.5090557761267269,
					"fftg": 0.039789306106152267
				},
				"order3": {
					"fftv": 0.46213599496103199,
					"fftg": 0.01420926149426486
				},
				"order2": {
					"fftv": 0.36462774549462648,
					"fftg": 0.007252086243013626
				},
				"axis": "Y",
				"order1": {
					"fftv": 4.07873233081285,
					"fftg": 0.04029541720883641
				},
				"timestamp": 1583921997,
				"temperature": 29.617067337036134,
				"order6": {
					"fftv": 1.6225516767146993,
					"fftg": 0.09803420239890287
				},
				"order5": {
					"fftv": 3.4363369937652479,
					"fftg": 0.17155766281391544
				}
			}
		}
	},
	"deviceId": "SingleAxisSensorBearing1-Y-Axis",
	"deviceType": "SingleAxisSensor",
	"eventType": "event",
	"format": "json",
	"_msgid": "ffc727f1.dc3c08"
}