{
	"topic": "iot-2/type/SingleAxisSensor/id/SingleAxisSensorBearing1-X-Axis/evt/event/fmt/json",
	"payload": {
		"SingleAxisSensorBearing1-Y-Axis": {
			"d": {
				"order7": {
					"fftv": 2.1454702444026538,
					"fftg": 0.15248346506512173
				},
				"order4": {
					"fftv": 6.155637172798831,
					"fftg": 0.2460367259323395
				},
				"rpm": 661.6806640625,
				"bearing": "1",
				"order8": {
					"fftv": 1.6078325846780426,
					"fftg": 0.12577832548441163
				},
				"order3": {
					"fftv": 0.6265111906064042,
					"fftg": 0.018962078219632775
				},
				"order2": {
					"fftv": 0.6301428653178437,
					"fftg": 0.012535078991260955
				},
				"axis": "Y",
				"order1": {
					"fftv": 4.217438271859671,
					"fftg": 0.04166536737300752
				},
				"timestamp": 1583922637,
				"temperature": 29.445186614990236,
				"order6": {
					"fftv": 1.0447795244461354,
					"fftg": 0.06336119160234984
				},
				"order5": {
					"fftv": 3.1692690203153295,
					"fftg": 0.15809324391166167
				}
			}
		},
		"SingleAxisSensorBearing2-X-Axis": {
			"d": {
				"order7": {
					"fftv": 6.164579255010396,
					"fftg": 0.43083997378230867
				},
				"order4": {
					"fftv": 1.7233911961138389,
					"fftg": 0.06853259056414594
				},
				"rpm": 661.6806640625,
				"bearing": "2",
				"order8": {
					"fftv": 1.7092250534318244,
					"fftg": 0.13439038454027522
				},
				"order3": {
					"fftv": 3.857964249830065,
					"fftg": 0.11781652602737358
				},
				"order2": {
					"fftv": 0.7571685641748132,
					"fftg": 0.015207566773529972
				},
				"axis": "X",
				"order1": {
					"fftv": 6.472688602386314,
					"fftg": 0.06395907003055995
				},
				"timestamp": 1583922637,
				"temperature": 29.445186614990236,
				"order6": {
					"fftv": 13.298828049556152,
					"fftg": 0.8049298118023747
				},
				"order5": {
					"fftv": 5.647385696540895,
					"fftg": 0.28141647010735018
				}
			}
		},
		"SingleAxisSensorBearing1-X-Axis": {
			"d": {
				"order7": {
					"fftv": 4.904217175796145,
					"fftg": 0.3431369836017045
				},
				"order4": {
					"fftv": 1.2072489601427348,
					"fftg": 0.048110036857175308
				},
				"rpm": 661.6806640625,
				"bearing": "1",
				"order8": {
					"fftv": 1.9013328265070353,
					"fftg": 0.1459368059487123
				},
				"order3": {
					"fftv": 2.046153713253499,
					"fftg": 0.06160317469106464
				},
				"order2": {
					"fftv": 0.5682448381664794,
					"fftg": 0.011248798259231967
				},
				"axis": "X",
				"order1": {
					"fftv": 2.9717166392394698,
					"fftg": 0.029358667659986506
				},
				"timestamp": 1583922637,
				"temperature": 29.445186614990236,
				"order6": {
					"fftv": 14.56175856766245,
					"fftg": 0.8784550468491946
				},
				"order5": {
					"fftv": 7.863033260924501,
					"fftg": 0.39193934041176528
				}
			}
		}
	},
	"deviceId": "SingleAxisSensorBearing1-X-Axis",
	"deviceType": "SingleAxisSensor",
	"eventType": "event",
	"format": "json",
	"_msgid": "b2cc2df1.0dd0a"
}