{
	"topic": "iot-2/type/SingleAxisSensor/id/SingleAxisSensorBearing1-X-Axis/evt/event/fmt/json",
	"payload": {
		"SingleAxisSensorBearing1-Y-Axis": {
			"d": {
				"order7": {
					"fftv": 2.7680030971644156,
					"fftg": 0.1970866017020752
				},
				"order4": {
					"fftv": 5.76726129035357,
					"fftg": 0.23013050064735078
				},
				"rpm": 661.2999267578125,
				"bearing": "1",
				"order8": {
					"fftv": 1.6494173623181936,
					"fftg": 0.1237259096149427
				},
				"order3": {
					"fftv": 0.7480494428795788,
					"fftg": 0.02274244167640953
				},
				"order2": {
					"fftv": 0.5261834154841036,
					"fftg": 0.010531941757018906
				},
				"axis": "Y",
				"order1": {
					"fftv": 4.045675500823273,
					"fftg": 0.03997042586395345
				},
				"timestamp": 1583922210,
				"temperature": 29.518850326538087,
				"order6": {
					"fftv": 1.2649943179178796,
					"fftg": 0.07655995723570669
				},
				"order5": {
					"fftv": 3.1224584754794488,
					"fftg": 0.1556254449064811
				}
			}
		},
		"SingleAxisSensorBearing2-X-Axis": {
			"d": {
				"order7": {
					"fftv": 5.158547821815667,
					"fftg": 0.3630314582096581
				},
				"order4": {
					"fftv": 1.6862084129750988,
					"fftg": 0.0673500288867245
				},
				"rpm": 661.2999267578125,
				"bearing": "2",
				"order8": {
					"fftv": 1.6434778835730418,
					"fftg": 0.12613638775837428
				},
				"order3": {
					"fftv": 3.9991345995824885,
					"fftg": 0.12196069432908413
				},
				"order2": {
					"fftv": 0.19464310617000486,
					"fftg": 0.0038886064855665604
				},
				"axis": "X",
				"order1": {
					"fftv": 11.221631145818226,
					"fftg": 0.11086931618469157
				},
				"timestamp": 1583922210,
				"temperature": 29.518850326538087,
				"order6": {
					"fftv": 13.234943216173689,
					"fftg": 0.8006973953993374
				},
				"order5": {
					"fftv": 6.263388470624066,
					"fftg": 0.3127911366084545
				}
			}
		},
		"SingleAxisSensorBearing1-X-Axis": {
			"d": {
				"order7": {
					"fftv": 5.982610031853605,
					"fftg": 0.4233358506289037
				},
				"order4": {
					"fftv": 0.682680038501786,
					"fftg": 0.027682474914557246
				},
				"rpm": 661.2999267578125,
				"bearing": "1",
				"order8": {
					"fftv": 2.321874822838753,
					"fftg": 0.1713191244772574
				},
				"order3": {
					"fftv": 2.033397988507177,
					"fftg": 0.06150179835830851
				},
				"order2": {
					"fftv": 0.7740385362615667,
					"fftg": 0.015334884199161582
				},
				"axis": "X",
				"order1": {
					"fftv": 3.755960723812146,
					"fftg": 0.03709570811509635
				},
				"timestamp": 1583922210,
				"temperature": 29.518850326538087,
				"order6": {
					"fftv": 15.003386444813926,
					"fftg": 0.9053679571034846
				},
				"order5": {
					"fftv": 8.689548286970476,
					"fftg": 0.4335611961227227
				}
			}
		}
	},
	"deviceId": "SingleAxisSensorBearing1-X-Axis",
	"deviceType": "SingleAxisSensor",
	"eventType": "event",
	"format": "json",
	"_msgid": "2f2791ae.c781be"
}