{
	"topic": "iot-2/type/SingleAxisSensor/id/SingleAxisSensorBearing2-X-Axis/evt/event/fmt/json",
	"payload": {
		"SingleAxisSensorBearing1-X-Axis": {
			"d": {
				"order7": {
					"fftv": 8.301515148041112,
					"fftg": 0.5820616113111446
				},
				"order4": {
					"fftv": 0.8016468934788019,
					"fftg": 0.03303861681994608
				},
				"rpm": 661.796630859375,
				"bearing": "1",
				"order8": {
					"fftv": 1.0526270217976373,
					"fftg": 0.08046887013156046
				},
				"order3": {
					"fftv": 2.045093353919972,
					"fftg": 0.06185492372954477
				},
				"order2": {
					"fftv": 0.7416562689215732,
					"fftg": 0.014818740469586782
				},
				"axis": "X",
				"order1": {
					"fftv": 3.7590755743160115,
					"fftg": 0.03713048116896487
				},
				"timestamp": 1583922566,
				"temperature": 29.629362106323243,
				"order6": {
					"fftv": 12.58456181827342,
					"fftg": 0.7592821697823367
				},
				"order5": {
					"fftv": 8.882619489620599,
					"fftg": 0.4436267247894492
				}
			}
		},
		"SingleAxisSensorBearing1-Y-Axis": {
			"d": {
				"order7": {
					"fftv": 1.9184140461379973,
					"fftg": 0.13556762034114523
				},
				"order4": {
					"fftv": 5.857896564310317,
					"fftg": 0.23403586230364688
				},
				"rpm": 661.796630859375,
				"bearing": "1",
				"order8": {
					"fftv": 1.4825562946915086,
					"fftg": 0.11808689173940937
				},
				"order3": {
					"fftv": 0.7381541589095918,
					"fftg": 0.022361847622882917
				},
				"order2": {
					"fftv": 0.6517107465498867,
					"fftg": 0.013026043480804098
				},
				"axis": "Y",
				"order1": {
					"fftv": 3.983467163963839,
					"fftg": 0.03935290060252137
				},
				"timestamp": 1583922566,
				"temperature": 29.629362106323243,
				"order6": {
					"fftv": 1.0807932910362113,
					"fftg": 0.06518948612550026
				},
				"order5": {
					"fftv": 3.1165150159660506,
					"fftg": 0.15546719086221576
				}
			}
		},
		"SingleAxisSensorBearing2-X-Axis": {
			"d": {
				"order7": {
					"fftv": 7.63418560914321,
					"fftg": 0.5342784985349004
				},
				"order4": {
					"fftv": 1.4043163171165314,
					"fftg": 0.05616428068632465
				},
				"rpm": 661.796630859375,
				"bearing": "2",
				"order8": {
					"fftv": 1.9227066899627257,
					"fftg": 0.14957661543140897
				},
				"order3": {
					"fftv": 6.2161020983540589,
					"fftg": 0.18919700798003803
				},
				"order2": {
					"fftv": 0.2248168196144739,
					"fftg": 0.004488877133547551
				},
				"axis": "X",
				"order1": {
					"fftv": 11.08602849217126,
					"fftg": 0.10953421559540723
				},
				"timestamp": 1583922566,
				"temperature": 29.629362106323243,
				"order6": {
					"fftv": 11.492642225393947,
					"fftg": 0.6963364621225342
				},
				"order5": {
					"fftv": 6.522603972017565,
					"fftg": 0.3258537876343118
				}
			}
		}
	},
	"deviceId": "SingleAxisSensorBearing2-X-Axis",
	"deviceType": "SingleAxisSensor",
	"eventType": "event",
	"format": "json",
	"_msgid": "c1f76ace.406758"
}