{
	"topic": "iot-2/type/SingleAxisSensor/id/SingleAxisSensorBearing2-X-Axis/evt/event/fmt/json",
	"payload": {
		"SingleAxisSensorBearing1-X-Axis": {
			"d": {
				"order7": {
					"fftv": 6.948285350790782,
					"fftg": 0.48696812777629208
				},
				"order4": {
					"fftv": 0.8177913824396016,
					"fftg": 0.033107662595256038
				},
				"rpm": 660.8810119628906,
				"bearing": "1",
				"order8": {
					"fftv": 1.9613141505444756,
					"fftg": 0.1455175624120987
				},
				"order3": {
					"fftv": 2.3605730495287817,
					"fftg": 0.07195942854517004
				},
				"order2": {
					"fftv": 0.9024362171731386,
					"fftg": 0.01796668759894183
				},
				"axis": "X",
				"order1": {
					"fftv": 3.8598534382281635,
					"fftg": 0.038124103616321087
				},
				"timestamp": 1583921496,
				"temperature": 29.801244735717775,
				"order6": {
					"fftv": 14.729099997403543,
					"fftg": 0.8881685405602381
				},
				"order5": {
					"fftv": 9.35751700380278,
					"fftg": 0.4658000977427166
				}
			}
		},
		"SingleAxisSensorBearing1-Y-Axis": {
			"d": {
				"order7": {
					"fftv": 2.244144574195577,
					"fftg": 0.15976596846566136
				},
				"order4": {
					"fftv": 5.604055338529608,
					"fftg": 0.22338706729255015
				},
				"rpm": 660.8810119628906,
				"bearing": "1",
				"order8": {
					"fftv": 1.625369659293122,
					"fftg": 0.12387863770519202
				},
				"order3": {
					"fftv": 0.7750151038976059,
					"fftg": 0.023578232719426077
				},
				"order2": {
					"fftv": 0.3802492616980629,
					"fftg": 0.007565295859453682
				},
				"axis": "Y",
				"order1": {
					"fftv": 4.07874385620379,
					"fftg": 0.040296835983947097
				},
				"timestamp": 1583921496,
				"temperature": 29.801244735717775,
				"order6": {
					"fftv": 1.3074803563235229,
					"fftg": 0.07879532272005388
				},
				"order5": {
					"fftv": 3.1986737986559179,
					"fftg": 0.1594295830010141
				}
			}
		},
		"SingleAxisSensorBearing2-X-Axis": {
			"d": {
				"order7": {
					"fftv": 8.191717421811776,
					"fftg": 0.5737130536696387
				},
				"order4": {
					"fftv": 1.2633782987817833,
					"fftg": 0.05054674760695048
				},
				"rpm": 660.8810119628906,
				"bearing": "2",
				"order8": {
					"fftv": 1.8091035516236614,
					"fftg": 0.1363507023356527
				},
				"order3": {
					"fftv": 4.70459633977588,
					"fftg": 0.14439875407985465
				},
				"order2": {
					"fftv": 0.45093777714964786,
					"fftg": 0.00900226598052987
				},
				"axis": "X",
				"order1": {
					"fftv": 11.089802497952528,
					"fftg": 0.10956918314079309
				},
				"timestamp": 1583921496,
				"temperature": 29.801244735717775,
				"order6": {
					"fftv": 13.121801255175873,
					"fftg": 0.7942105050597441
				},
				"order5": {
					"fftv": 6.809430304571816,
					"fftg": 0.33903021145751779
				}
			}
		}
	},
	"deviceId": "SingleAxisSensorBearing2-X-Axis",
	"deviceType": "SingleAxisSensor",
	"eventType": "event",
	"format": "json",
	"_msgid": "d0099dbc.ae4a6"
}