{
	"topic": "iot-2/type/SingleAxisSensor/id/SingleAxisSensorBearing2-X-Axis/evt/event/fmt/json",
	"payload": {
		"SingleAxisSensorBearing1-Y-Axis": {
			"d": {
				"order7": {
					"fftv": 2.341725398276335,
					"fftg": 0.16675205799946198
				},
				"order4": {
					"fftv": 6.481842703993836,
					"fftg": 0.25863921601260289
				},
				"rpm": 661.5867919921875,
				"bearing": "1",
				"order8": {
					"fftv": 1.2802786116017413,
					"fftg": 0.09526639185196151
				},
				"order3": {
					"fftv": 0.4173771725807637,
					"fftg": 0.012769931203308768
				},
				"order2": {
					"fftv": 0.6543182122794442,
					"fftg": 0.013116301641597243
				},
				"axis": "Y",
				"order1": {
					"fftv": 4.22940974815267,
					"fftg": 0.041782847408459538
				},
				"timestamp": 1583922068,
				"temperature": 29.58025360107422,
				"order6": {
					"fftv": 1.1814393871549996,
					"fftg": 0.07143735037323974
				},
				"order5": {
					"fftv": 3.176074803212179,
					"fftg": 0.15836731148246889
				}
			}
		},
		"SingleAxisSensorBearing1-X-Axis": {
			"d": {
				"order7": {
					"fftv": 6.614093027670799,
					"fftg": 0.4665418172658441
				},
				"order4": {
					"fftv": 0.7422371759462021,
					"fftg": 0.03004198359641329
				},
				"rpm": 661.5867919921875,
				"bearing": "1",
				"order8": {
					"fftv": 2.06776188628533,
					"fftg": 0.15247820581578609
				},
				"order3": {
					"fftv": 1.9638115000318733,
					"fftg": 0.05959780179704658
				},
				"order2": {
					"fftv": 0.7399141447105423,
					"fftg": 0.014827133182373455
				},
				"axis": "X",
				"order1": {
					"fftv": 2.7528634532363647,
					"fftg": 0.027191150032386897
				},
				"timestamp": 1583922068,
				"temperature": 29.58025360107422,
				"order6": {
					"fftv": 10.417923745979179,
					"fftg": 0.6275218587544896
				},
				"order5": {
					"fftv": 7.520637213259174,
					"fftg": 0.37483190128695928
				}
			}
		},
		"SingleAxisSensorBearing2-X-Axis": {
			"d": {
				"order7": {
					"fftv": 5.352450194884096,
					"fftg": 0.37647718215448885
				},
				"order4": {
					"fftv": 1.8180147530188609,
					"fftg": 0.07268249864421705
				},
				"rpm": 661.5867919921875,
				"bearing": "2",
				"order8": {
					"fftv": 1.702618368779494,
					"fftg": 0.12704795047218593
				},
				"order3": {
					"fftv": 6.194942984388121,
					"fftg": 0.188886815474546
				},
				"order2": {
					"fftv": 0.22890493582457833,
					"fftg": 0.004476665403852404
				},
				"axis": "X",
				"order1": {
					"fftv": 10.11268107461317,
					"fftg": 0.09992342137425649
				},
				"timestamp": 1583922068,
				"temperature": 29.58025360107422,
				"order6": {
					"fftv": 9.021547900592946,
					"fftg": 0.5475265464575448
				},
				"order5": {
					"fftv": 5.645299124869997,
					"fftg": 0.2817148649367709
				}
			}
		}
	},
	"deviceId": "SingleAxisSensorBearing2-X-Axis",
	"deviceType": "SingleAxisSensor",
	"eventType": "event",
	"format": "json",
	"_msgid": "68de8452.49250c"
}