{
	"topic": "iot-2/type/SingleAxisSensor/id/SingleAxisSensorBearing1-Y-Axis/evt/event/fmt/json",
	"payload": {
		"SingleAxisSensorBearing1-X-Axis": {
			"d": {
				"order7": {
					"fftv": 5.954817081449511,
					"fftg": 0.4188153146245746
				},
				"order4": {
					"fftv": 0.9676081487766384,
					"fftg": 0.03951730366502212
				},
				"rpm": 661.6881713867188,
				"bearing": "1",
				"order8": {
					"fftv": 1.7527268295449259,
					"fftg": 0.1330459273650319
				},
				"order3": {
					"fftv": 2.2279165418616158,
					"fftg": 0.06754069816164736
				},
				"order2": {
					"fftv": 0.8493112367467761,
					"fftg": 0.01682135960865433
				},
				"axis": "X",
				"order1": {
					"fftv": 4.361700275455989,
					"fftg": 0.043076002463478788
				},
				"timestamp": 1583922353,
				"temperature": 29.48200035095215,
				"order6": {
					"fftv": 15.533361420348474,
					"fftg": 0.9369895787382717
				},
				"order5": {
					"fftv": 9.966468476604265,
					"fftg": 0.4974236747452389
				}
			}
		},
		"SingleAxisSensorBearing2-X-Axis": {
			"d": {
				"order7": {
					"fftv": 6.977915892362931,
					"fftg": 0.4905705138997518
				},
				"order4": {
					"fftv": 1.4381915979402862,
					"fftg": 0.05751171400287498
				},
				"rpm": 661.6881713867188,
				"bearing": "2",
				"order8": {
					"fftv": 1.852112603370752,
					"fftg": 0.14257197813888684
				},
				"order3": {
					"fftv": 5.236939307987529,
					"fftg": 0.1602537565492145
				},
				"order2": {
					"fftv": 0.41417567204266456,
					"fftg": 0.008324765086698256
				},
				"axis": "X",
				"order1": {
					"fftv": 10.632390739331877,
					"fftg": 0.10503235383981241
				},
				"timestamp": 1583922353,
				"temperature": 29.48200035095215,
				"order6": {
					"fftv": 14.008576217545075,
					"fftg": 0.847709696483236
				},
				"order5": {
					"fftv": 6.681547475820956,
					"fftg": 0.33329697424684659
				}
			}
		},
		"SingleAxisSensorBearing1-Y-Axis": {
			"d": {
				"order7": {
					"fftv": 2.6755073296879505,
					"fftg": 0.18973520849776538
				},
				"order4": {
					"fftv": 5.31394201978249,
					"fftg": 0.2122822413095495
				},
				"rpm": 661.6881713867188,
				"bearing": "1",
				"order8": {
					"fftv": 1.0852592578869609,
					"fftg": 0.08276038839669284
				},
				"order3": {
					"fftv": 0.48699170472043448,
					"fftg": 0.015007839339694952
				},
				"order2": {
					"fftv": 0.4835316933911967,
					"fftg": 0.009675419394521178
				},
				"axis": "Y",
				"order1": {
					"fftv": 3.932603852939521,
					"fftg": 0.03885117615927597
				},
				"timestamp": 1583922353,
				"temperature": 29.48200035095215,
				"order6": {
					"fftv": 1.6062513009486228,
					"fftg": 0.09713648343925049
				},
				"order5": {
					"fftv": 3.2964098373647969,
					"fftg": 0.16464150532299264
				}
			}
		}
	},
	"deviceId": "SingleAxisSensorBearing1-Y-Axis",
	"deviceType": "SingleAxisSensor",
	"eventType": "event",
	"format": "json",
	"_msgid": "182edfdd.bd07c"
}