{
	"topic": "iot-2/type/SingleAxisSensor/id/SingleAxisSensorBearing2-X-Axis/evt/event/fmt/json",
	"payload": {
		"SingleAxisSensorBearing1-X-Axis": {
			"d": {
				"order7": {
					"fftv": 5.8875657601124049,
					"fftg": 0.4126231523516347
				},
				"order4": {
					"fftv": 1.2325330773301356,
					"fftg": 0.049817427790735977
				},
				"rpm": 661.3531188964844,
				"bearing": "1",
				"order8": {
					"fftv": 1.7597623300336618,
					"fftg": 0.1316285975432469
				},
				"order3": {
					"fftv": 2.7646325462636596,
					"fftg": 0.08355234864755677
				},
				"order2": {
					"fftv": 1.0415673773435299,
					"fftg": 0.02084100625073413
				},
				"axis": "X",
				"order1": {
					"fftv": 3.5907797246521437,
					"fftg": 0.03546898174648576
				},
				"timestamp": 1583922708,
				"temperature": 29.359228134155275,
				"order6": {
					"fftv": 12.307453361799391,
					"fftg": 0.7416140748547908
				},
				"order5": {
					"fftv": 8.41809399094145,
					"fftg": 0.42029614914769805
				}
			}
		},
		"SingleAxisSensorBearing1-Y-Axis": {
			"d": {
				"order7": {
					"fftv": 1.5138447992569715,
					"fftg": 0.10775447230891276
				},
				"order4": {
					"fftv": 5.6387071437248,
					"fftg": 0.2249190885143272
				},
				"rpm": 661.3531188964844,
				"bearing": "1",
				"order8": {
					"fftv": 1.0753601729244263,
					"fftg": 0.0810400415156962
				},
				"order3": {
					"fftv": 0.7456314364256447,
					"fftg": 0.022631022678324804
				},
				"order2": {
					"fftv": 0.6026863991954575,
					"fftg": 0.011972038830854909
				},
				"axis": "Y",
				"order1": {
					"fftv": 3.9038696756649058,
					"fftg": 0.038566901765008976
				},
				"timestamp": 1583922708,
				"temperature": 29.359228134155275,
				"order6": {
					"fftv": 0.9133463772476387,
					"fftg": 0.05540237205680478
				},
				"order5": {
					"fftv": 3.059729659347901,
					"fftg": 0.15252805979573628
				}
			}
		},
		"SingleAxisSensorBearing2-X-Axis": {
			"d": {
				"order7": {
					"fftv": 6.144382711666417,
					"fftg": 0.4300400079037915
				},
				"order4": {
					"fftv": 2.2404828862034389,
					"fftg": 0.08998636401398967
				},
				"rpm": 661.3531188964844,
				"bearing": "2",
				"order8": {
					"fftv": 2.0637402450777717,
					"fftg": 0.1555265355681617
				},
				"order3": {
					"fftv": 4.608607496459737,
					"fftg": 0.14024804941808514
				},
				"order2": {
					"fftv": 0.13707595585183827,
					"fftg": 0.0027008319117960628
				},
				"axis": "X",
				"order1": {
					"fftv": 10.94391573392716,
					"fftg": 0.1081321027382084
				},
				"timestamp": 1583922708,
				"temperature": 29.359228134155275,
				"order6": {
					"fftv": 10.847085778862951,
					"fftg": 0.6577947061194037
				},
				"order5": {
					"fftv": 6.119369310601702,
					"fftg": 0.3052502489940169
				}
			}
		}
	},
	"deviceId": "SingleAxisSensorBearing2-X-Axis",
	"deviceType": "SingleAxisSensor",
	"eventType": "event",
	"format": "json",
	"_msgid": "ebdd3e73.bd9d5"
}