{
	"topic": "iot-2/type/SingleAxisSensor/id/SingleAxisSensorBearing2-X-Axis/evt/event/fmt/json",
	"payload": {
		"SingleAxisSensorBearing1-X-Axis": {
			"d": {
				"order7": {
					"fftv": 4.825731097310084,
					"fftg": 0.3380993473139728
				},
				"order4": {
					"fftv": 0.7546680628800715,
					"fftg": 0.03073894665306555
				},
				"rpm": 661.7469177246094,
				"bearing": "1",
				"order8": {
					"fftv": 1.3719778677286013,
					"fftg": 0.10286621748999109
				},
				"order3": {
					"fftv": 2.6657242855366496,
					"fftg": 0.08011066647027272
				},
				"order2": {
					"fftv": 0.8615373586146392,
					"fftg": 0.017204939286879156
				},
				"axis": "X",
				"order1": {
					"fftv": 3.8717389118072589,
					"fftg": 0.03824347735171031
				},
				"timestamp": 1583922424,
				"temperature": 29.45744514465332,
				"order6": {
					"fftv": 15.897389714925432,
					"fftg": 0.9593810500620117
				},
				"order5": {
					"fftv": 8.604449080815887,
					"fftg": 0.42944286902897235
				}
			}
		},
		"SingleAxisSensorBearing1-Y-Axis": {
			"d": {
				"order7": {
					"fftv": 1.0276087052812638,
					"fftg": 0.07294723249850313
				},
				"order4": {
					"fftv": 5.988893424968145,
					"fftg": 0.23923879842955635
				},
				"rpm": 661.7469177246094,
				"bearing": "1",
				"order8": {
					"fftv": 0.7844360495720467,
					"fftg": 0.05926805169652372
				},
				"order3": {
					"fftv": 0.549710595192657,
					"fftg": 0.016527539766912903
				},
				"order2": {
					"fftv": 0.5000316133313457,
					"fftg": 0.010013575116988505
				},
				"axis": "Y",
				"order1": {
					"fftv": 4.041124500803004,
					"fftg": 0.03992331291994534
				},
				"timestamp": 1583922424,
				"temperature": 29.45744514465332,
				"order6": {
					"fftv": 1.377301497758659,
					"fftg": 0.08348982535536213
				},
				"order5": {
					"fftv": 3.1295328354477789,
					"fftg": 0.1560174203024769
				}
			}
		},
		"SingleAxisSensorBearing2-X-Axis": {
			"d": {
				"order7": {
					"fftv": 5.26270318642921,
					"fftg": 0.3688130494024049
				},
				"order4": {
					"fftv": 1.2632969165338029,
					"fftg": 0.050614187775847817
				},
				"rpm": 661.7469177246094,
				"bearing": "2",
				"order8": {
					"fftv": 1.9109904433014782,
					"fftg": 0.14634674534378226
				},
				"order3": {
					"fftv": 5.260464941215451,
					"fftg": 0.160488786439394
				},
				"order2": {
					"fftv": 0.2369489929236843,
					"fftg": 0.004712934561179899
				},
				"axis": "X",
				"order1": {
					"fftv": 11.26448638128388,
					"fftg": 0.11129247697256094
				},
				"timestamp": 1583922424,
				"temperature": 29.45744514465332,
				"order6": {
					"fftv": 14.46469343789996,
					"fftg": 0.8753237618891537
				},
				"order5": {
					"fftv": 5.8878540735805509,
					"fftg": 0.2936310429569144
				}
			}
		}
	},
	"deviceId": "SingleAxisSensorBearing2-X-Axis",
	"deviceType": "SingleAxisSensor",
	"eventType": "event",
	"format": "json",
	"_msgid": "7be3ffe6.82859"
}