{
	"topic": "iot-2/type/SingleAxisSensor/id/SingleAxisSensorBearing1-Y-Axis/evt/event/fmt/json",
	"payload": {
		"SingleAxisSensorBearing1-X-Axis": {
			"d": {
				"order7": {
					"fftv": 7.130914163986016,
					"fftg": 0.4995608536649592
				},
				"order4": {
					"fftv": 0.842804593261189,
					"fftg": 0.033923932796496258
				},
				"rpm": 660.9911804199219,
				"bearing": "1",
				"order8": {
					"fftv": 1.2703332913497519,
					"fftg": 0.09809010112730847
				},
				"order3": {
					"fftv": 3.255479797736731,
					"fftg": 0.09791344483958288
				},
				"order2": {
					"fftv": 1.0214559428170427,
					"fftg": 0.02039927888455685
				},
				"axis": "X",
				"order1": {
					"fftv": 3.465255838780256,
					"fftg": 0.03422977027009617
				},
				"timestamp": 1583921354,
				"temperature": 30.083641052246095,
				"order6": {
					"fftv": 16.331858210293249,
					"fftg": 0.984574559789892
				},
				"order5": {
					"fftv": 10.05788494293193,
					"fftg": 0.50189076895109
				}
			}
		},
		"SingleAxisSensorBearing2-X-Axis": {
			"d": {
				"order7": {
					"fftv": 7.602187211182564,
					"fftg": 0.5326932575940238
				},
				"order4": {
					"fftv": 1.2183055138091133,
					"fftg": 0.04839714728346602
				},
				"rpm": 660.9911804199219,
				"bearing": "2",
				"order8": {
					"fftv": 2.2693882359390757,
					"fftg": 0.1796871051271903
				},
				"order3": {
					"fftv": 4.424578365095801,
					"fftg": 0.1343050089769223
				},
				"order2": {
					"fftv": 0.6311896725779027,
					"fftg": 0.012732239066010247
				},
				"axis": "X",
				"order1": {
					"fftv": 7.450200643519704,
					"fftg": 0.07361739590003767
				},
				"timestamp": 1583921354,
				"temperature": 30.083641052246095,
				"order6": {
					"fftv": 14.309903158852542,
					"fftg": 0.8648294469908686
				},
				"order5": {
					"fftv": 6.857853529736555,
					"fftg": 0.3423660370536592
				}
			}
		},
		"SingleAxisSensorBearing1-Y-Axis": {
			"d": {
				"order7": {
					"fftv": 2.222116072959479,
					"fftg": 0.1577765941203246
				},
				"order4": {
					"fftv": 5.632125526640714,
					"fftg": 0.2244415398550021
				},
				"rpm": 660.9911804199219,
				"bearing": "1",
				"order8": {
					"fftv": 1.3062807512322377,
					"fftg": 0.10171605338156677
				},
				"order3": {
					"fftv": 0.949658167247526,
					"fftg": 0.028661720828670128
				},
				"order2": {
					"fftv": 0.3779550145413768,
					"fftg": 0.007523386577754548
				},
				"axis": "Y",
				"order1": {
					"fftv": 4.416105346372391,
					"fftg": 0.043628325002716687
				},
				"timestamp": 1583921354,
				"temperature": 30.083641052246095,
				"order6": {
					"fftv": 1.6470541392733463,
					"fftg": 0.09939037989283592
				},
				"order5": {
					"fftv": 3.466639360114997,
					"fftg": 0.17290661737196265
				}
			}
		}
	},
	"deviceId": "SingleAxisSensorBearing1-Y-Axis",
	"deviceType": "SingleAxisSensor",
	"eventType": "event",
	"format": "json",
	"_msgid": "baa6bfba.f3bec"
}