{"topic":"iot-2/type/SingleAxisSensor/id/SingleAxisSensorBearing1-Y-Axis/evt/event/fmt/json","payload":{"SingleAxisSensorBearing1-X-Axis":{"d":{"order4":{"fftg":0.03731609870539425,"fftv":0.9327622847003081},"order3":{"fftg":0.12530852047064928,"fftv":4.159749770385821},"order6":{"fftg":0.7626050364383796,"fftv":12.689046107177246},"order2":{"fftg":0.031006889898753456,"fftv":1.5531720782927507},"order1":{"fftg":0.1380954661666944,"fftv":13.978209391142368},"timestamp":1583926880,"temperature":29.12594223022461,"order8":{"fftg":0.13207237833295135,"fftv":1.7157311556146393},"axis":"X","bearing":"1","rpm":659.885498046875,"order5":{"fftg":0.2008616590844778,"fftv":4.041943874746998},"order7":{"fftg":0.4242139221857235,"fftv":6.051145688113554}}},"SingleAxisSensorBearing2-X-Axis":{"d":{"order4":{"fftg":0.09817790322032577,"fftv":2.461748327917875},"order3":{"fftg":0.1451962358225908,"fftv":4.785732561240267},"order6":{"fftg":0.6470616598623526,"fftv":10.712310044990504},"order2":{"fftg":0.030924733599096758,"fftv":1.55014413564993},"order1":{"fftg":0.6380782147267275,"fftv":64.57186097320339},"timestamp":1583926880,"temperature":29.12594223022461,"order8":{"fftg":0.10273433017153157,"fftv":1.3382413768472565},"axis":"X","bearing":"2","rpm":659.885498046875,"order5":{"fftg":0.20164532052215656,"fftv":4.052331111275635},"order7":{"fftg":0.35231075375432325,"fftv":5.047622154839339}}},"SingleAxisSensorBearing1-Y-Axis":{"d":{"order4":{"fftg":0.3149217200489939,"fftv":7.913531466211084},"order3":{"fftg":0.045436693443787826,"fftv":1.5066190706601879},"order6":{"fftg":0.0920556948465283,"fftv":1.5331468491002276},"order2":{"fftg":0.007364475173475288,"fftv":0.3697740734356133},"order1":{"fftg":0.13310236678126997,"fftv":13.47221559506626},"timestamp":1583926880,"temperature":29.12594223022461,"order8":{"fftg":0.15437529951956422,"fftv":1.966959987780871},"axis":"Y","bearing":"1","rpm":659.885498046875,"order5":{"fftg":0.1490335484443166,"fftv":2.9971637605780863},"order7":{"fftg":0.14216850779806497,"fftv":2.0008370421687367}}}},"deviceId":"SingleAxisSensorBearing1-Y-Axis","deviceType":"SingleAxisSensor","eventType":"event","format":"json","_msgid":"26e4941b.8e327c"}