{"topic":"iot-2/type/SingleAxisSensor/id/SingleAxisSensorBearing2-X-Axis/evt/event/fmt/json","payload":{"SingleAxisSensorBearing1-X-Axis":{"d":{"order4":{"fftg":0.03676989958261812,"fftv":0.9043371826606834},"order3":{"fftg":0.09890982349334557,"fftv":3.2853941576208427},"order6":{"fftg":0.89765399049037,"fftv":14.93449158035427},"order2":{"fftg":0.023796549921535907,"fftv":1.2000781119833175},"order1":{"fftg":0.1403489435265793,"fftv":14.205961741378733},"timestamp":1583926952,"temperature":29.21190071105957,"order8":{"fftg":0.124580921326686,"fftv":1.6442445990925587},"axis":"X","bearing":"1","rpm":659.8910217285156,"order5":{"fftg":0.20725578606307538,"fftv":4.164635141553642},"order7":{"fftg":0.4049766188600878,"fftv":5.7747754855474005}}},"SingleAxisSensorBearing1-Y-Axis":{"d":{"order4":{"fftg":0.33063279608945817,"fftv":8.308915536289359},"order3":{"fftg":0.04315895302221694,"fftv":1.4331598553928617},"order6":{"fftg":0.052190672233861625,"fftv":0.8749383387166877},"order2":{"fftg":0.006414969587478777,"fftv":0.323968105259529},"order1":{"fftg":0.13178106384419452,"fftv":13.338436082819568},"timestamp":1583926952,"temperature":29.21190071105957,"order8":{"fftg":0.128855614187435,"fftv":1.644691759597694},"axis":"Y","bearing":"1","rpm":659.8910217285156,"order5":{"fftg":0.1538472572286865,"fftv":3.0948930538638924},"order7":{"fftg":0.12772449121630633,"fftv":1.799807084740996}}},"SingleAxisSensorBearing2-X-Axis":{"d":{"order4":{"fftg":0.08152015603750092,"fftv":2.050293521682408},"order3":{"fftg":0.1479171968998981,"fftv":4.862940251001643},"order6":{"fftg":0.8048611363037673,"fftv":13.329141173958975},"order2":{"fftg":0.02280438171999713,"fftv":1.1466444428092266},"order1":{"fftg":0.6413730179262356,"fftv":64.90504735365887},"timestamp":1583926952,"temperature":29.21190071105957,"order8":{"fftg":0.1329473314616407,"fftv":1.7316585470511787},"axis":"X","bearing":"2","rpm":659.8910217285156,"order5":{"fftg":0.1940935618893766,"fftv":3.889748796348551},"order7":{"fftg":0.3666343107600079,"fftv":5.230910875576568}}}},"deviceId":"SingleAxisSensorBearing2-X-Axis","deviceType":"SingleAxisSensor","eventType":"event","format":"json","_msgid":"d6e37e5e.fd833"}