{"topic":"iot-2/type/SingleAxisSensor/id/SingleAxisSensorBearing2-X-Axis/evt/event/fmt/json","payload":{"SingleAxisSensorBearing1-X-Axis":{"d":{"order4":{"fftg":0.0393490867171706,"fftv":0.9679304516098121},"order3":{"fftg":0.13892687059892947,"fftv":4.613537679323896},"order6":{"fftg":0.8115132566262562,"fftv":13.512345521436707},"order2":{"fftg":0.023864362000022656,"fftv":1.2022607845783162},"order1":{"fftg":0.1413624742910634,"fftv":14.308461716097863},"timestamp":1583927023,"temperature":29.371522903442383,"order8":{"fftg":0.11477350423803816,"fftv":1.4825106112603972},"axis":"X","bearing":"1","rpm":659.9480895996094,"order5":{"fftg":0.27866294522239826,"fftv":5.58330015285999},"order7":{"fftg":0.4854758987591189,"fftv":6.934486284279524}}},"SingleAxisSensorBearing1-Y-Axis":{"d":{"order4":{"fftg":0.30421614620642945,"fftv":7.64168390684181},"order3":{"fftg":0.0504912393246421,"fftv":1.6776917733448202},"order6":{"fftg":0.052380868024243674,"fftv":0.8765402944148447},"order2":{"fftg":0.007414113068938449,"fftv":0.37950214000700916},"order1":{"fftg":0.13094474751907345,"fftv":13.25362519820905},"timestamp":1583927023,"temperature":29.371522903442383,"order8":{"fftg":0.0619753750423848,"fftv":0.8167568854889761},"axis":"Y","bearing":"1","rpm":659.9480895996094,"order5":{"fftg":0.1529433084244155,"fftv":3.07430870957818},"order7":{"fftg":0.11853719208151749,"fftv":1.6761589988639352}}},"SingleAxisSensorBearing2-X-Axis":{"d":{"order4":{"fftg":0.0686948882439132,"fftv":1.7330410999500032},"order3":{"fftg":0.17951628557376256,"fftv":5.9196662016839765},"order6":{"fftg":0.7014188462624866,"fftv":11.610047959191775},"order2":{"fftg":0.028995021577230905,"fftv":1.45127465841798},"order1":{"fftg":0.6411743958284918,"fftv":64.88398385128744},"timestamp":1583927023,"temperature":29.371522903442383,"order8":{"fftg":0.10881759403904077,"fftv":1.4053864739112687},"axis":"X","bearing":"2","rpm":659.9480895996094,"order5":{"fftg":0.27070119509793794,"fftv":5.415692833111788},"order7":{"fftg":0.4547920659076261,"fftv":6.511632752160017}}}},"deviceId":"SingleAxisSensorBearing2-X-Axis","deviceType":"SingleAxisSensor","eventType":"event","format":"json","_msgid":"ebdc0eed.53dd6"}