{"topic":"iot-2/type/SingleAxisSensor/id/SingleAxisSensorBearing2-X-Axis/evt/event/fmt/json","payload":{"SingleAxisSensorBearing1-X-Axis":{"d":{"order4":{"fftg":0.04053955933820742,"fftv":1.0022894353816727},"order3":{"fftg":0.1588059336433541,"fftv":5.272621783405363},"order6":{"fftg":0.9720218661504898,"fftv":16.192402428895114},"order2":{"fftg":0.026509378202337074,"fftv":1.3314246204203428},"order1":{"fftg":0.1304561324682506,"fftv":13.204443848804157},"timestamp":1583927094,"temperature":29.261009216308594,"order8":{"fftg":0.09919467148089452,"fftv":1.2971620700633584},"axis":"X","bearing":"1","rpm":659.6061401367188,"order5":{"fftg":0.25609118997114894,"fftv":5.151019433334088},"order7":{"fftg":0.25742596865527606,"fftv":3.672300080903195}}},"SingleAxisSensorBearing1-Y-Axis":{"d":{"order4":{"fftg":0.30794193644735623,"fftv":7.731866207062531},"order3":{"fftg":0.03074295631499191,"fftv":1.024205601754593},"order6":{"fftg":0.05908506260672373,"fftv":0.9920537293113753},"order2":{"fftg":0.0102052202479788,"fftv":0.5165803369493002},"order1":{"fftg":0.13513788192786277,"fftv":13.678259128535945},"timestamp":1583927094,"temperature":29.261009216308594,"order8":{"fftg":0.08594638651235029,"fftv":1.0842421422469493},"axis":"Y","bearing":"1","rpm":659.6061401367188,"order5":{"fftg":0.1418011658868199,"fftv":2.8534699740871203},"order7":{"fftg":0.1350548840154636,"fftv":1.922620506671836}}},"SingleAxisSensorBearing2-X-Axis":{"d":{"order4":{"fftg":0.060431569375251425,"fftv":1.523379925140043},"order3":{"fftg":0.1948868488767798,"fftv":6.435969958071882},"order6":{"fftg":0.8574520337666445,"fftv":14.226200451768891},"order2":{"fftg":0.021655814308424625,"fftv":1.084366460407626},"order1":{"fftg":0.6232389568397116,"fftv":63.07029472216508},"timestamp":1583927094,"temperature":29.261009216308594,"order8":{"fftg":0.09251971172824539,"fftv":1.2312522513145787},"axis":"X","bearing":"2","rpm":659.6061401367188,"order5":{"fftg":0.2305440312928344,"fftv":4.642061278942094},"order7":{"fftg":0.29378521864542617,"fftv":4.209613374998033}}}},"deviceId":"SingleAxisSensorBearing2-X-Axis","deviceType":"SingleAxisSensor","eventType":"event","format":"json","_msgid":"5ad5cff0.f6cd"}