{"topic":"iot-2/type/SingleAxisSensor/id/SingleAxisSensorBearing1-X-Axis/evt/event/fmt/json","payload":{"SingleAxisSensorBearing1-Y-Axis":{"d":{"bearing":"1","rpm":659.7427673339844,"order6":{"fftg":0.10140744194806137,"fftv":1.6927465890147972},"order3":{"fftg":0.013974816462088048,"fftv":0.4667527686531448},"axis":"Y","order4":{"fftg":0.24951921509009242,"fftv":6.26974007332832},"order7":{"fftg":0.06665103911704263,"fftv":0.9366339065081096},"order8":{"fftg":0.08274856367384177,"fftv":1.0563746455985525},"order5":{"fftg":0.16492391699239284,"fftv":3.3090128001573333},"timestamp":1583927166,"temperature":29.396076202392578,"order2":{"fftg":0.013012247775806774,"fftv":0.6520506566012287},"order1":{"fftg":0.13327953875992612,"fftv":13.490245366371672}}},"SingleAxisSensorBearing2-X-Axis":{"d":{"bearing":"2","rpm":659.7427673339844,"order6":{"fftg":0.6545804985764357,"fftv":10.906940569024806},"order3":{"fftg":0.07150428691572279,"fftv":2.3364906875716276},"axis":"X","order4":{"fftg":0.054099243643154875,"fftv":1.3551486138801834},"order7":{"fftg":0.47337836335185124,"fftv":6.799337330433808},"order8":{"fftg":0.15376260733046734,"fftv":1.941067921626666},"order5":{"fftg":0.2957687270010526,"fftv":5.9212019368565745},"timestamp":1583927166,"temperature":29.396076202392578,"order2":{"fftg":0.022441982675317988,"fftv":1.1339259107012762},"order1":{"fftg":0.6163103865779153,"fftv":62.36873522505032}}},"SingleAxisSensorBearing1-X-Axis":{"d":{"bearing":"1","rpm":659.7427673339844,"order6":{"fftg":0.8402648827791882,"fftv":14.068319381570658},"order3":{"fftg":0.06846827701599041,"fftv":2.3136737564266197},"axis":"X","order4":{"fftg":0.03401602413410306,"fftv":0.8462517932411838},"order7":{"fftg":0.46620256857265174,"fftv":6.693243604123777},"order8":{"fftg":0.08016568225846518,"fftv":1.009058913130373},"order5":{"fftg":0.3408285882247502,"fftv":6.825843343181085},"timestamp":1583927166,"temperature":29.396076202392578,"order2":{"fftg":0.03848298967983197,"fftv":1.929588892664557},"order1":{"fftg":0.11802274523710164,"fftv":11.945265783630473}}}},"deviceId":"SingleAxisSensorBearing1-X-Axis","deviceType":"SingleAxisSensor","eventType":"event","format":"json","_msgid":"682c4269.d5679c"}