{"topic":"iot-2/type/SingleAxisSensor/id/SingleAxisSensorBearing2-X-Axis/evt/event/fmt/json","payload":{"SingleAxisSensorBearing1-X-Axis":{"d":{"bearing":"1","rpm":659.7384033203125,"order6":{"fftg":0.9008212165037812,"fftv":15.029928632352583},"order3":{"fftg":0.1539450925687102,"fftv":5.104018401781656},"axis":"X","order4":{"fftg":0.05063015755405374,"fftv":1.2359445103676427},"order7":{"fftg":0.6652170989797416,"fftv":9.489909943402376},"order8":{"fftg":0.10327047308399091,"fftv":1.3906781387620923},"order5":{"fftg":0.33489195694118207,"fftv":6.707036527675913},"timestamp":1583927453,"temperature":29.408336639404297,"order2":{"fftg":0.03952299860656809,"fftv":1.9807634371906804},"order1":{"fftg":0.12253035875124857,"fftv":12.401494997804567}}},"SingleAxisSensorBearing1-Y-Axis":{"d":{"bearing":"1","rpm":659.7384033203125,"order6":{"fftg":0.0965639236344981,"fftv":1.614309822694927},"order3":{"fftg":0.03395726649864655,"fftv":1.1207023167232735},"axis":"Y","order4":{"fftg":0.2675221322715364,"fftv":6.7168797128101625},"order7":{"fftg":0.15874123835916318,"fftv":2.231470557233474},"order8":{"fftg":0.11894799673179926,"fftv":1.5271767764373971},"order5":{"fftg":0.1630283579863149,"fftv":3.2690195277850704},"timestamp":1583927453,"temperature":29.408336639404297,"order2":{"fftg":0.01279605005465099,"fftv":0.6437516020750315},"order1":{"fftg":0.13274640837911283,"fftv":13.436461023198955}}},"SingleAxisSensorBearing2-X-Axis":{"d":{"bearing":"2","rpm":659.7384033203125,"order6":{"fftg":0.7166491303711019,"fftv":11.883363044581737},"order3":{"fftg":0.19203542469889026,"fftv":6.331602130374349},"axis":"X","order4":{"fftg":0.05537591762247891,"fftv":1.3884433912702652},"order7":{"fftg":0.6650999459585264,"fftv":9.513706101708738},"order8":{"fftg":0.15312975508479057,"fftv":1.9519195333705293},"order5":{"fftg":0.32049741182291247,"fftv":6.412734853765727},"timestamp":1583927453,"temperature":29.408336639404297,"order2":{"fftg":0.025069177771739653,"fftv":1.2578850542558149},"order1":{"fftg":0.6254800636225417,"fftv":63.29654528342764}}}},"deviceId":"SingleAxisSensorBearing2-X-Axis","deviceType":"SingleAxisSensor","eventType":"event","format":"json","_msgid":"91a24479.de5b28"}