{"topic":"iot-2/type/SingleAxisSensor/id/SingleAxisSensorBearing2-X-Axis/evt/event/fmt/json","payload":{"SingleAxisSensorBearing1-X-Axis":{"d":{"bearing":"1","rpm":659.8416137695312,"order6":{"fftg":0.8880996168307701,"fftv":14.833972391302508},"order3":{"fftg":0.1437858885170004,"fftv":4.760421620657166},"axis":"X","order4":{"fftg":0.06261546863473201,"fftv":1.546937438026539},"order7":{"fftg":0.6543364091400531,"fftv":9.322598835962731},"order8":{"fftg":0.11638547138847906,"fftv":1.5447819922602128},"order5":{"fftg":0.3647025864917124,"fftv":7.302815345372507},"timestamp":1583927525,"temperature":29.506555557250977,"order2":{"fftg":0.03373254131482838,"fftv":1.694764905706993},"order1":{"fftg":0.11889936398959562,"fftv":12.033808486371148}}},"SingleAxisSensorBearing1-Y-Axis":{"d":{"bearing":"1","rpm":659.8416137695312,"order6":{"fftg":0.11212117235090621,"fftv":1.875342919563272},"order3":{"fftg":0.020992266091762937,"fftv":0.6891612410488818},"axis":"Y","order4":{"fftg":0.2855855863390505,"fftv":7.167517854381595},"order7":{"fftg":0.18730246895447666,"fftv":2.6353938393585623},"order8":{"fftg":0.11754573793260982,"fftv":1.5105355720032283},"order5":{"fftg":0.15924569618797962,"fftv":3.1973066595265127},"timestamp":1583927525,"temperature":29.506555557250977,"order2":{"fftg":0.009092148406168895,"fftv":0.45869152130465163},"order1":{"fftg":0.13436428058777017,"fftv":13.600185093205031}}},"SingleAxisSensorBearing2-X-Axis":{"d":{"bearing":"2","rpm":659.8416137695312,"order6":{"fftg":0.6982261945267916,"fftv":11.583353617181713},"order3":{"fftg":0.19401527825334733,"fftv":6.382267078488426},"axis":"X","order4":{"fftg":0.06026907391144035,"fftv":1.5187992052827284},"order7":{"fftg":0.5652984956422047,"fftv":8.083385035382967},"order8":{"fftg":0.11681120125156103,"fftv":1.4990976190734158},"order5":{"fftg":0.33003517177357805,"fftv":6.602601365959245},"timestamp":1583927525,"temperature":29.506555557250977,"order2":{"fftg":0.021913000949065536,"fftv":1.0977694085498704},"order1":{"fftg":0.6192449896254311,"fftv":62.66590974489695}}}},"deviceId":"SingleAxisSensorBearing2-X-Axis","deviceType":"SingleAxisSensor","eventType":"event","format":"json","_msgid":"d3197a9d.d17618"}