{"topic":"iot-2/type/SingleAxisSensor/id/SingleAxisSensorBearing2-X-Axis/evt/event/fmt/json","payload":{"SingleAxisSensorBearing1-X-Axis":{"d":{"bearing":"1","rpm":659.8031616210938,"order6":{"fftg":1.0460216715901363,"fftv":17.45187396321252},"order3":{"fftg":0.11496532261475918,"fftv":3.8247624488590812},"axis":"X","order4":{"fftg":0.06003313495485724,"fftv":1.4952245595044882},"order7":{"fftg":0.41318976044782413,"fftv":5.937110631288965},"order8":{"fftg":0.10248467066709747,"fftv":1.326595969830514},"order5":{"fftg":0.29393825191037826,"fftv":5.9090110480021805},"timestamp":1583927596,"temperature":29.703025817871094,"order2":{"fftg":0.03724377213593065,"fftv":1.8711721785511528},"order1":{"fftg":0.11567226185964676,"fftv":11.707287710980108}}},"SingleAxisSensorBearing1-Y-Axis":{"d":{"bearing":"1","rpm":659.8031616210938,"order6":{"fftg":0.0876399230297431,"fftv":1.4672083066718342},"order3":{"fftg":0.012827226481669523,"fftv":0.4212325144849789},"axis":"Y","order4":{"fftg":0.26214160287504734,"fftv":6.578415042061735},"order7":{"fftg":0.1824482024818933,"fftv":2.5791673729994304},"order8":{"fftg":0.07391899972213457,"fftv":0.9759618604688155},"order5":{"fftg":0.14034521887644785,"fftv":2.8221315352520175},"timestamp":1583927596,"temperature":29.703025817871094,"order2":{"fftg":0.01214010283506176,"fftv":0.6111340599344764},"order1":{"fftg":0.13322277358772716,"fftv":13.484397840942268}}},"SingleAxisSensorBearing2-X-Axis":{"d":{"bearing":"2","rpm":659.8031616210938,"order6":{"fftg":0.8839267042244804,"fftv":14.685601505619243},"order3":{"fftg":0.16317007379150042,"fftv":5.370296304341157},"axis":"X","order4":{"fftg":0.08230398936390021,"fftv":2.072106157407447},"order7":{"fftg":0.5263849062026958,"fftv":7.554787317557245},"order8":{"fftg":0.10451173002634317,"fftv":1.3269795713299593},"order5":{"fftg":0.23467974835129865,"fftv":4.718839970947966},"timestamp":1583927596,"temperature":29.703025817871094,"order2":{"fftg":0.024129533936681585,"fftv":1.2162299344562506},"order1":{"fftg":0.6094370735496034,"fftv":61.67370321007495}}}},"deviceId":"SingleAxisSensorBearing2-X-Axis","deviceType":"SingleAxisSensor","eventType":"event","format":"json","_msgid":"6e372693.17c218"}