{"topic":"iot-2/type/SingleAxisSensor/id/SingleAxisSensorBearing2-X-Axis/evt/event/fmt/json","payload":{"SingleAxisSensorBearing1-X-Axis":{"d":{"bearing":"1","rpm":659.8909912109375,"order6":{"fftg":0.8465812526635791,"fftv":14.074026211817937},"order3":{"fftg":0.0866064285613765,"fftv":2.898963696135455},"axis":"X","order4":{"fftg":0.06414072774482503,"fftv":1.5834091016091305},"order7":{"fftg":0.2853306498790872,"fftv":4.0666003993906985},"order8":{"fftg":0.09929390549631634,"fftv":1.3010071715078155},"order5":{"fftg":0.32753904761796326,"fftv":6.580844889726133},"timestamp":1583927667,"temperature":29.518850326538086,"order2":{"fftg":0.029445625918614396,"fftv":1.4815238032473337},"order1":{"fftg":0.1226549534705796,"fftv":12.414137363853097}}},"SingleAxisSensorBearing1-Y-Axis":{"d":{"bearing":"1","rpm":659.8909912109375,"order6":{"fftg":0.0824815193294693,"fftv":1.3806050343941294},"order3":{"fftg":0.028805470674067885,"fftv":0.954292740682136},"axis":"Y","order4":{"fftg":0.23743601241644738,"fftv":5.97477959553258},"order7":{"fftg":0.20473281717181877,"fftv":2.8955181350795884},"order8":{"fftg":0.11551788473934983,"fftv":1.541159229805015},"order5":{"fftg":0.15287755833370711,"fftv":3.0732656300980956},"timestamp":1583927667,"temperature":29.518850326538086,"order2":{"fftg":0.020181168794565753,"fftv":1.0093657511657343},"order1":{"fftg":0.12812362557243942,"fftv":12.968262468804431}}},"SingleAxisSensorBearing2-X-Axis":{"d":{"bearing":"2","rpm":659.8909912109375,"order6":{"fftg":0.7447532772818178,"fftv":12.330762479443926},"order3":{"fftg":0.12483632806515849,"fftv":4.106160889297993},"axis":"X","order4":{"fftg":0.07915170963348725,"fftv":1.9779473463636137},"order7":{"fftg":0.407212269413585,"fftv":5.828066696763672},"order8":{"fftg":0.1621096757898562,"fftv":2.0701843383416647},"order5":{"fftg":0.2814064564786929,"fftv":5.658206666525727},"timestamp":1583927667,"temperature":29.518850326538086,"order2":{"fftg":0.01496344693481451,"fftv":0.7644792019098009},"order1":{"fftg":0.6196228746347215,"fftv":62.70452738150967}}}},"deviceId":"SingleAxisSensorBearing2-X-Axis","deviceType":"SingleAxisSensor","eventType":"event","format":"json","_msgid":"312956cc.cc89ca"}