{"topic":"iot-2/type/SingleAxisSensor/id/SingleAxisSensorBearing2-X-Axis/evt/event/fmt/json","payload":{"SingleAxisSensorBearing1-X-Axis":{"d":{"bearing":"1","rpm":659.8471069335938,"order6":{"fftg":0.7153058818631187,"fftv":11.921775850696964},"order3":{"fftg":0.07847713892818464,"fftv":2.640170152593281},"axis":"X","order4":{"fftg":0.032635525999397896,"fftv":0.8056279937408117},"order7":{"fftg":0.5391777952741565,"fftv":7.705369571850328},"order8":{"fftg":0.11470603190728444,"fftv":1.4869856461160194},"order5":{"fftg":0.2554899317580199,"fftv":5.129803763109581},"timestamp":1583927739,"temperature":29.690731048583984,"order2":{"fftg":0.022502802322195026,"fftv":1.125903976691475},"order1":{"fftg":0.1348669004698487,"fftv":13.651202192721867}}},"SingleAxisSensorBearing1-Y-Axis":{"d":{"bearing":"1","rpm":659.8471069335938,"order6":{"fftg":0.05839536386117637,"fftv":0.9770308433889473},"order3":{"fftg":0.014431200724739912,"fftv":0.4869150065007385},"axis":"Y","order4":{"fftg":0.32830255514226675,"fftv":8.24560381170719},"order7":{"fftg":0.15229194062252324,"fftv":2.1606792805593624},"order8":{"fftg":0.09417984378249651,"fftv":1.2090359850934986},"order5":{"fftg":0.154910367492753,"fftv":3.1135350419038232},"timestamp":1583927739,"temperature":29.690731048583984,"order2":{"fftg":0.011781936869380876,"fftv":0.5933753528597748},"order1":{"fftg":0.13011850934208546,"fftv":13.169946875817146}}},"SingleAxisSensorBearing2-X-Axis":{"d":{"bearing":"2","rpm":659.8471069335938,"order6":{"fftg":0.6613643913031024,"fftv":10.959582998172792},"order3":{"fftg":0.1137680190189575,"fftv":3.7544125017589187},"axis":"X","order4":{"fftg":0.053884839193104536,"fftv":1.3585802553633222},"order7":{"fftg":0.4069993244957008,"fftv":5.824465844779143},"order8":{"fftg":0.12297201246144883,"fftv":1.5621376903134931},"order5":{"fftg":0.26328019199308245,"fftv":5.27933571482002},"timestamp":1583927739,"temperature":29.690731048583984,"order2":{"fftg":0.02687022320659896,"fftv":1.3448525194936318},"order1":{"fftg":0.6306864725563803,"fftv":63.82368200572098}}}},"deviceId":"SingleAxisSensorBearing2-X-Axis","deviceType":"SingleAxisSensor","eventType":"event","format":"json","_msgid":"11ea9b7b.8a65a5"}