{"topic":"iot-2/type/SingleAxisSensor/id/SingleAxisSensorBearing2-X-Axis/evt/event/fmt/json","payload":{"SingleAxisSensorBearing1-X-Axis":{"d":{"order4":{"fftg":0.03079249920818439,"fftv":0.7718036732746443},"order3":{"fftg":0.04724489435912899,"fftv":1.590364771187808},"order6":{"fftg":0.6568404988289133,"fftv":10.928213167770501},"order2":{"fftg":0.028100592598655313,"fftv":1.40887718354791},"order1":{"fftg":0.12592190082050106,"fftv":12.746227976864791},"timestamp":1583926380,"temperature":29.29785919189453,"order8":{"fftg":0.09771623777567898,"fftv":1.2946133437882887},"axis":"X","bearing":"1","rpm":659.6439819335938,"order5":{"fftg":0.23110508022478857,"fftv":4.652292882389358},"order7":{"fftg":0.3261683810286443,"fftv":4.663473120653156}}},"SingleAxisSensorBearing1-Y-Axis":{"d":{"order4":{"fftg":0.30276155060867055,"fftv":7.611516721886116},"order3":{"fftg":0.02886883879752673,"fftv":0.9601492065562516},"order6":{"fftg":0.05446324273343123,"fftv":0.9142256777064682},"order2":{"fftg":0.008427616340209665,"fftv":0.4240542791094327},"order1":{"fftg":0.13024492692183934,"fftv":13.18264435361095},"timestamp":1583926380,"temperature":29.29785919189453,"order8":{"fftg":0.10206012980563556,"fftv":1.3356436007033128},"axis":"Y","bearing":"1","rpm":659.6439819335938,"order5":{"fftg":0.14803703384981673,"fftv":2.978119472405674},"order7":{"fftg":0.15918192288409608,"fftv":2.237628568353126}}},"SingleAxisSensorBearing2-X-Axis":{"d":{"order4":{"fftg":0.07070180452659125,"fftv":1.7789878508540788},"order3":{"fftg":0.10762405661995232,"fftv":3.507475427205202},"order6":{"fftg":0.6010766308338603,"fftv":9.920801317495686},"order2":{"fftg":0.026673263091794543,"fftv":1.3341297740624118},"order1":{"fftg":0.592076094182512,"fftv":59.91548362626724},"timestamp":1583926380,"temperature":29.29785919189453,"order8":{"fftg":0.11757522661261212,"fftv":1.5470590433688431},"axis":"X","bearing":"2","rpm":659.6439819335938,"order5":{"fftg":0.1955030531609493,"fftv":3.9381971945168743},"order7":{"fftg":0.2795636524690755,"fftv":4.007255547199857}}}},"deviceId":"SingleAxisSensorBearing2-X-Axis","deviceType":"SingleAxisSensor","eventType":"event","format":"json","_msgid":"9f421e3c.181bf"}