{"topic":"iot-2/type/SingleAxisSensor/id/SingleAxisSensorBearing2-X-Axis/evt/event/fmt/json","payload":{"SingleAxisSensorBearing1-X-Axis":{"d":{"order4":{"fftg":0.04089151710674199,"fftv":1.0164186022792119},"order3":{"fftg":0.05871082081447386,"fftv":1.963836720484905},"order6":{"fftg":0.8418927843368267,"fftv":14.015755923179468},"order2":{"fftg":0.024352870320648062,"fftv":1.2240764533175439},"order1":{"fftg":0.12817470854803417,"fftv":12.973824050534102},"timestamp":1583926452,"temperature":29.273269653320312,"order8":{"fftg":0.10645783050202927,"fftv":1.3888088747921143},"axis":"X","bearing":"1","rpm":659.5235900878906,"order5":{"fftg":0.24161512201057925,"fftv":4.865731506587989},"order7":{"fftg":0.3364376148001219,"fftv":4.824529551795769}}},"SingleAxisSensorBearing1-Y-Axis":{"d":{"order4":{"fftg":0.3234283976449514,"fftv":8.131501226743756},"order3":{"fftg":0.03138231417064465,"fftv":1.0461563726734349},"order6":{"fftg":0.05776879037773937,"fftv":0.9582842533828937},"order2":{"fftg":0.008011978622492122,"fftv":0.40824732756689125},"order1":{"fftg":0.129303758773641,"fftv":13.087377642115044},"timestamp":1583926452,"temperature":29.273269653320312,"order8":{"fftg":0.14036775013879035,"fftv":1.8260644127909773},"axis":"Y","bearing":"1","rpm":659.5235900878906,"order5":{"fftg":0.15754778759058832,"fftv":3.1699831721889056},"order7":{"fftg":0.18044493612899218,"fftv":2.535712212608808}}},"SingleAxisSensorBearing2-X-Axis":{"d":{"order4":{"fftg":0.04941210449970218,"fftv":1.2473912885651297},"order3":{"fftg":0.11926497350282388,"fftv":3.885401890320457},"order6":{"fftg":0.7602386033882694,"fftv":12.587214560078293},"order2":{"fftg":0.026298749336119892,"fftv":1.3165537602225879},"order1":{"fftg":0.5991683496646687,"fftv":60.6330103990324},"timestamp":1583926452,"temperature":29.273269653320312,"order8":{"fftg":0.13321113104477977,"fftv":1.740961782296572},"axis":"X","bearing":"2","rpm":659.5235900878906,"order5":{"fftg":0.20095184474279398,"fftv":4.048504684523469},"order7":{"fftg":0.34610408941173004,"fftv":4.957696257115862}}}},"deviceId":"SingleAxisSensorBearing2-X-Axis","deviceType":"SingleAxisSensor","eventType":"event","format":"json","_msgid":"6beec3fa.79cfbc"}