{"topic":"iot-2/type/SingleAxisSensor/id/SingleAxisSensorBearing2-X-Axis/evt/event/fmt/json","payload":{"SingleAxisSensorBearing1-X-Axis":{"d":{"order4":{"fftg":0.01886654808871942,"fftv":0.4667119688569198},"order3":{"fftg":0.030178742147351674,"fftv":1.024165682965674},"order6":{"fftg":0.6102527598274289,"fftv":10.232558360383923},"order2":{"fftg":0.030141840647370133,"fftv":1.5158599624766884},"order1":{"fftg":0.11814628658318238,"fftv":11.957662379993527},"timestamp":1583926523,"temperature":29.285564422607422,"order8":{"fftg":0.10333965288089399,"fftv":1.3682736202033652},"axis":"X","bearing":"1","rpm":659.7427978515625,"order5":{"fftg":0.3554351759359439,"fftv":7.1306364821722665},"order7":{"fftg":0.31968342893807117,"fftv":4.574576101012518}}},"SingleAxisSensorBearing1-Y-Axis":{"d":{"order4":{"fftg":0.24345140061936088,"fftv":6.12404390775218},"order3":{"fftg":0.00784264897021832,"fftv":0.2628610518268213},"order6":{"fftg":0.08233434955603552,"fftv":1.3775900315283134},"order2":{"fftg":0.014668088472536417,"fftv":0.7340873071151158},"order1":{"fftg":0.1282827956128227,"fftv":12.9840749115053},"timestamp":1583926523,"temperature":29.285564422607422,"order8":{"fftg":0.10753635428507054,"fftv":1.3984592370547047},"axis":"Y","bearing":"1","rpm":659.7427978515625,"order5":{"fftg":0.16034976188669534,"fftv":3.222741224130116},"order7":{"fftg":0.10720537026334716,"fftv":1.51587808124644}}},"SingleAxisSensorBearing2-X-Axis":{"d":{"order4":{"fftg":0.057168158425295865,"fftv":1.4375983988456584},"order3":{"fftg":0.11306527249461808,"fftv":3.6989277167194032},"order6":{"fftg":0.44832582935519166,"fftv":7.43509463111029},"order2":{"fftg":0.016305237761644702,"fftv":0.8200551625732148},"order1":{"fftg":0.603135536127444,"fftv":61.03459713104792},"timestamp":1583926523,"temperature":29.285564422607422,"order8":{"fftg":0.11959554411168266,"fftv":1.522118232444744},"axis":"X","bearing":"2","rpm":659.7427978515625,"order5":{"fftg":0.2885673685000209,"fftv":5.789235568917279},"order7":{"fftg":0.29463218000954416,"fftv":4.224970325018021}}}},"deviceId":"SingleAxisSensorBearing2-X-Axis","deviceType":"SingleAxisSensor","eventType":"event","format":"json","_msgid":"3985530b.036d9c"}