{"topic":"iot-2/type/SingleAxisSensor/id/SingleAxisSensorBearing2-X-Axis/evt/event/fmt/json","payload":{"SingleAxisSensorBearing1-X-Axis":{"d":{"order4":{"fftg":0.04155161356439487,"fftv":1.0318296075126736},"order3":{"fftg":0.09098985314299941,"fftv":3.0200139713638015},"order6":{"fftg":0.9954930587054852,"fftv":16.60432254095904},"order2":{"fftg":0.021317906491391234,"fftv":1.075135105642192},"order1":{"fftg":0.12250972897764724,"fftv":12.39935709114402},"timestamp":1583926666,"temperature":29.12594223022461,"order8":{"fftg":0.09932195433774597,"fftv":1.2821179392250657},"axis":"X","bearing":"1","rpm":659.8820190429688,"order5":{"fftg":0.34381412671217193,"fftv":6.911141985997819},"order7":{"fftg":0.4403817020329598,"fftv":6.309057297274843}}},"SingleAxisSensorBearing1-Y-Axis":{"d":{"order4":{"fftg":0.27411786458081216,"fftv":6.889714828727601},"order3":{"fftg":0.013542398954431472,"fftv":0.44742886206381566},"order6":{"fftg":0.13125700348433827,"fftv":2.1825588298727023},"order2":{"fftg":0.014616091962716153,"fftv":0.7362487011924655},"order1":{"fftg":0.1270247988401877,"fftv":12.856666790854534},"timestamp":1583926666,"temperature":29.12594223022461,"order8":{"fftg":0.07309754436142987,"fftv":0.9493357231199769},"axis":"Y","bearing":"1","rpm":659.8820190429688,"order5":{"fftg":0.18462639247494164,"fftv":3.7118526260348577},"order7":{"fftg":0.09766635835050902,"fftv":1.3808747993591803}}},"SingleAxisSensorBearing2-X-Axis":{"d":{"order4":{"fftg":0.05604046029788845,"fftv":1.4092009405960113},"order3":{"fftg":0.16558667968416646,"fftv":5.441653416661578},"order6":{"fftg":0.7758477532533958,"fftv":12.893706983656996},"order2":{"fftg":0.01414284895434027,"fftv":0.7130134410093835},"order1":{"fftg":0.6078738727346777,"fftv":61.515498224431376},"timestamp":1583926666,"temperature":29.12594223022461,"order8":{"fftg":0.0645920435483869,"fftv":0.8077095261372437},"axis":"X","bearing":"2","rpm":659.8820190429688,"order5":{"fftg":0.2971729596750708,"fftv":5.9655574640505185},"order7":{"fftg":0.48056065866545694,"fftv":6.9020441417144225}}}},"deviceId":"SingleAxisSensorBearing2-X-Axis","deviceType":"SingleAxisSensor","eventType":"event","format":"json","_msgid":"71893b0e.c1af54"}