{"topic":"iot-2/type/SingleAxisSensor/id/SingleAxisSensorBearing2-X-Axis/evt/event/fmt/json","payload":{"SingleAxisSensorBearing1-Y-Axis":{"d":{"order4":{"fftg":0.30207000568022024,"fftv":7.583834833833022},"order3":{"fftg":0.011439833521530498,"fftv":0.37713729544038027},"order6":{"fftg":0.08744199291652999,"fftv":1.454475198894864},"order2":{"fftg":0.014358929434773801,"fftv":0.719732589270432},"order1":{"fftg":0.1264491119318101,"fftv":12.798423264078291},"timestamp":1583926737,"temperature":29.162790298461914,"order8":{"fftg":0.079457971796684,"fftv":1.0621743803224961},"axis":"Y","bearing":"1","rpm":659.633056640625,"order5":{"fftg":0.17427084210929913,"fftv":3.5045633730762966},"order7":{"fftg":0.20570332972305616,"fftv":2.9035392897128913}}},"SingleAxisSensorBearing1-X-Axis":{"d":{"order4":{"fftg":0.02823648794483209,"fftv":0.7050599312641742},"order3":{"fftg":0.0876797930897736,"fftv":2.915149384821375},"order6":{"fftg":1.0531339213535857,"fftv":17.511131574125503},"order2":{"fftg":0.013606038527949463,"fftv":0.6929535226792203},"order1":{"fftg":0.12450393195274917,"fftv":12.602124358153752},"timestamp":1583926737,"temperature":29.162790298461914,"order8":{"fftg":0.16155992857519638,"fftv":2.1107406819817895},"axis":"X","bearing":"1","rpm":659.633056640625,"order5":{"fftg":0.34198566100630845,"fftv":6.862627274383455},"order7":{"fftg":0.46987854638423726,"fftv":6.6770941547093035}}},"SingleAxisSensorBearing2-X-Axis":{"d":{"order4":{"fftg":0.04795428481728883,"fftv":1.2048543416382982},"order3":{"fftg":0.17700305827947427,"fftv":5.828657279870872},"order6":{"fftg":0.9353554878368242,"fftv":15.505834468473257},"order2":{"fftg":0.01127657727796378,"fftv":0.5694139279177461},"order1":{"fftg":0.6024560890347322,"fftv":60.96843579285772},"timestamp":1583926737,"temperature":29.162790298461914,"order8":{"fftg":0.11994431220128637,"fftv":1.5318026125725057},"axis":"X","bearing":"2","rpm":659.633056640625,"order5":{"fftg":0.30630310269300226,"fftv":6.1378295996839265},"order7":{"fftg":0.45506562307962894,"fftv":6.501715964436546}}}},"deviceId":"SingleAxisSensorBearing2-X-Axis","deviceType":"SingleAxisSensor","eventType":"event","format":"json","_msgid":"c5f15165.5bea5"}