{"topic":"iot-2/type/SingleAxisSensor/id/SingleAxisSensorBearing2-X-Axis/evt/event/fmt/json","payload":{"SingleAxisSensorBearing1-X-Axis":{"d":{"order4":{"fftg":0.0016419931884679537,"fftv":0.09928992277741307},"order3":{"fftg":0.0031883271021146587,"fftv":0.23028553219720074},"order6":{"fftg":0,"fftv":0.029170693340725574},"order2":{"fftg":0,"fftv":0.1561299747122832},"order1":{"fftg":0,"fftv":0},"timestamp":1583926238,"temperature":29.10138702392578,"order8":{"fftg":0,"fftv":0.03235707455030323},"axis":"X","bearing":"1","rpm":329.6875915527344,"order5":{"fftg":0,"fftv":0.053734057863926286},"order7":{"fftg":0,"fftv":0.027971104822217978}}},"SingleAxisSensorBearing1-Y-Axis":{"d":{"order4":{"fftg":0,"fftv":0.07994464599836426},"order3":{"fftg":0.0062104524238461856,"fftv":0.45008382068985897},"order6":{"fftg":0,"fftv":0.03004529495234198},"order2":{"fftg":0.002937160663681378,"fftv":0.29734023685988065},"order1":{"fftg":0,"fftv":0},"timestamp":1583926238,"temperature":29.10138702392578,"order8":{"fftg":0,"fftv":0.031870311759675744},"axis":"Y","bearing":"1","rpm":329.6875915527344,"order5":{"fftg":0,"fftv":0.024892863665704593},"order7":{"fftg":0,"fftv":0.030695567490048654}}},"SingleAxisSensorBearing2-X-Axis":{"d":{"order4":{"fftg":0.002420631175664629,"fftv":0.14467103253259184},"order3":{"fftg":0.008635043070625788,"fftv":0.6169778864640286},"order6":{"fftg":0,"fftv":0.027746992328120994},"order2":{"fftg":0.009290920099534791,"fftv":0.9426547494526073},"order1":{"fftg":0,"fftv":0},"timestamp":1583926238,"temperature":29.10138702392578,"order8":{"fftg":0,"fftv":0.04870608636807868},"axis":"X","bearing":"2","rpm":329.6875915527344,"order5":{"fftg":0,"fftv":0.06148860024374742},"order7":{"fftg":0,"fftv":0.038932871800197784}}}},"deviceId":"SingleAxisSensorBearing2-X-Axis","deviceType":"SingleAxisSensor","eventType":"event","format":"json","_msgid":"6f186ab.028bd94"}