{"topic":"iot-2/type/SingleAxisSensor/id/SingleAxisSensorBearing2-X-Axis/evt/event/fmt/json","payload":{"SingleAxisSensorBearing1-X-Axis":{"d":{"bearing":"1","rpm":659.7114562988281,"order6":{"fftg":1.0309643728959519,"fftv":17.17830222597163},"order3":{"fftg":0.07532792898652804,"fftv":2.5244012887204947},"axis":"X","order4":{"fftg":0.05694556830530064,"fftv":1.4174325258919702},"order7":{"fftg":0.4418769640380885,"fftv":6.312415443034595},"order8":{"fftg":0.12071223767107661,"fftv":1.5997307004855321},"order5":{"fftg":0.316779759859479,"fftv":6.37281983162922},"timestamp":1583927238,"temperature":29.29785919189453,"order2":{"fftg":0.0347259314867422,"fftv":1.7478355300422146},"order1":{"fftg":0.12395831807167847,"fftv":12.54616982571799}}},"SingleAxisSensorBearing1-Y-Axis":{"d":{"bearing":"1","rpm":659.7114562988281,"order6":{"fftg":0.09771059506271154,"fftv":1.630517856887093},"order3":{"fftg":0.018227115920466514,"fftv":0.6028943048823929},"axis":"Y","order4":{"fftg":0.27735316472706517,"fftv":6.964032164495694},"order7":{"fftg":0.2506314982715908,"fftv":3.548865974299858},"order8":{"fftg":0.09528128241279539,"fftv":1.2571701015580863},"order5":{"fftg":0.14840029513634304,"fftv":2.9843087850536785},"timestamp":1583927238,"temperature":29.29785919189453,"order2":{"fftg":0.010990751789510776,"fftv":0.5511865406591984},"order1":{"fftg":0.13440535340094628,"fftv":13.60415310359236}}},"SingleAxisSensorBearing2-X-Axis":{"d":{"bearing":"2","rpm":659.7114562988281,"order6":{"fftg":0.8704994824499733,"fftv":14.44527205521492},"order3":{"fftg":0.10118871551123036,"fftv":3.3278395731020796},"axis":"X","order4":{"fftg":0.08270765628933437,"fftv":2.0769499494647192},"order7":{"fftg":0.5950805738909831,"fftv":8.507257937626951},"order8":{"fftg":0.14049836616460423,"fftv":1.8235653284001692},"order5":{"fftg":0.2569296046683082,"fftv":5.170204703481577},"timestamp":1583927238,"temperature":29.29785919189453,"order2":{"fftg":0.02169720394770615,"fftv":1.099742226107054},"order1":{"fftg":0.6297630120571052,"fftv":63.73036460112711}}}},"deviceId":"SingleAxisSensorBearing2-X-Axis","deviceType":"SingleAxisSensor","eventType":"event","format":"json","_msgid":"4d545ed.8da32a"}