{"topic":"iot-2/type/SingleAxisSensor/id/SingleAxisSensorBearing2-X-Axis/evt/event/fmt/json","payload":{"SingleAxisSensorBearing1-X-Axis":{"d":{"bearing":"1","rpm":659.8196411132812,"order6":{"fftg":0.7664943510411322,"fftv":12.772842756451743},"order3":{"fftg":0.12882547718897275,"fftv":4.291529797458871},"axis":"X","order4":{"fftg":0.03329191045406873,"fftv":0.8172623152194153},"order7":{"fftg":0.5232216890916843,"fftv":7.469605274715749},"order8":{"fftg":0.08289593394807628,"fftv":1.121202721284368},"order5":{"fftg":0.3479260525503211,"fftv":6.965941270436396},"timestamp":1583927310,"temperature":29.310117721557617,"order2":{"fftg":0.0332009969332931,"fftv":1.6658993693190678},"order1":{"fftg":0.12809824693707259,"fftv":12.965260211467964}}},"SingleAxisSensorBearing1-Y-Axis":{"d":{"bearing":"1","rpm":659.8196411132812,"order6":{"fftg":0.09665366046654068,"fftv":1.6087019279557444},"order3":{"fftg":0.022386696042665487,"fftv":0.7466325985040133},"axis":"Y","order4":{"fftg":0.28195925622125,"fftv":7.090744101852469},"order7":{"fftg":0.10599019551506778,"fftv":1.490234049924128},"order8":{"fftg":0.07384308323784394,"fftv":0.9601274493547178},"order5":{"fftg":0.16549925221664946,"fftv":3.3181184776821886},"timestamp":1583927310,"temperature":29.310117721557617,"order2":{"fftg":0.009416600110909711,"fftv":0.47380454982013315},"order1":{"fftg":0.1358004583232899,"fftv":13.74546083108191}}},"SingleAxisSensorBearing2-X-Axis":{"d":{"bearing":"2","rpm":659.8196411132812,"order6":{"fftg":0.6356341858946566,"fftv":10.512648604086692},"order3":{"fftg":0.16351766583831354,"fftv":5.3951472207327225},"axis":"X","order4":{"fftg":0.08380566369408779,"fftv":2.0937605128140273},"order7":{"fftg":0.5137151016492412,"fftv":7.349511068064472},"order8":{"fftg":0.11458703275497233,"fftv":1.4980508846814815},"order5":{"fftg":0.3205152980683844,"fftv":6.417925865056941},"timestamp":1583927310,"temperature":29.310117721557617,"order2":{"fftg":0.025921927495336998,"fftv":1.2997253823474337},"order1":{"fftg":0.6324031609036642,"fftv":63.99755377403354}}}},"deviceId":"SingleAxisSensorBearing2-X-Axis","deviceType":"SingleAxisSensor","eventType":"event","format":"json","_msgid":"e273b65b.72e7b8"}