{"topic":"iot-2/type/SingleAxisSensor/id/SingleAxisSensorBearing2-X-Axis/evt/event/fmt/json","payload":{"SingleAxisSensorBearing1-X-Axis":{"d":{"bearing":"1","rpm":660.0027160644531,"order6":{"fftg":0.9224394223344085,"fftv":15.34015313261313},"order3":{"fftg":0.09882499514730532,"fftv":3.320856167966317},"axis":"X","order4":{"fftg":0.020014895073007515,"fftv":0.49863394437323016},"order7":{"fftg":0.5331106625269385,"fftv":7.605534832402925},"order8":{"fftg":0.1521896658931903,"fftv":1.9745465643500915},"order5":{"fftg":0.23052818613901715,"fftv":4.639391941382513},"timestamp":1583927381,"temperature":29.371522903442383,"order2":{"fftg":0.03180758006967804,"fftv":1.5971897673198716},"order1":{"fftg":0.12764082632004523,"fftv":12.920072483022212}}},"SingleAxisSensorBearing1-Y-Axis":{"d":{"bearing":"1","rpm":660.0027160644531,"order6":{"fftg":0.08028158368605157,"fftv":1.3371347427214668},"order3":{"fftg":0.02040006031823547,"fftv":0.689770876788952},"axis":"Y","order4":{"fftg":0.2909322808526594,"fftv":7.306578008951517},"order7":{"fftg":0.190717314426079,"fftv":2.693424357181983},"order8":{"fftg":0.08057424415818452,"fftv":1.0615646727298527},"order5":{"fftg":0.1551912374979896,"fftv":3.117686458903399},"timestamp":1583927381,"temperature":29.371522903442383,"order2":{"fftg":0.012328822748695557,"fftv":0.6160680591076607},"order1":{"fftg":0.13317428328073955,"fftv":13.47984434642123}}},"SingleAxisSensorBearing2-X-Axis":{"d":{"bearing":"2","rpm":660.0027160644531,"order6":{"fftg":0.8128364483197794,"fftv":13.47930761348262},"order3":{"fftg":0.13488481488798437,"fftv":4.437005137095896},"axis":"X","order4":{"fftg":0.08029102628187933,"fftv":2.011700770170135},"order7":{"fftg":0.5281136057922529,"fftv":7.536784761527257},"order8":{"fftg":0.1697658452648248,"fftv":2.228434617366795},"order5":{"fftg":0.20863524763046432,"fftv":4.194137301028641},"timestamp":1583927381,"temperature":29.371522903442383,"order2":{"fftg":0.0243616323057933,"fftv":1.2236469635256075},"order1":{"fftg":0.6129339482162925,"fftv":62.028995728416696}}}},"deviceId":"SingleAxisSensorBearing2-X-Axis","deviceType":"SingleAxisSensor","eventType":"event","format":"json","_msgid":"e8e9cc88.f4a9b"}