{"topic":"iot-2/type/SingleAxisSensor/id/SingleAxisSensorBearing2-X-Axis/evt/event/fmt/json","payload":{"SingleAxisSensorBearing1-X-Axis":{"d":{"order4":{"fftg":0.02880692848646707,"fftv":0.7203532646952119},"order3":{"fftg":0.06632959292165311,"fftv":2.226844651070888},"order6":{"fftg":0.9850761512519789,"fftv":16.411483771931255},"order2":{"fftg":0.032426789097859864,"fftv":1.6192374084513188},"order1":{"fftg":0.030903127738137266,"fftv":3.12628751889893},"timestamp":1583926309,"temperature":29.076831817626953,"order8":{"fftg":0.11835969193996224,"fftv":1.5278143404433988},"axis":"X","bearing":"1","rpm":659.5514831542969,"order5":{"fftg":0.3315827725044308,"fftv":6.635494053263951},"order7":{"fftg":0.647669545120351,"fftv":9.253204283902033}}},"SingleAxisSensorBearing1-Y-Axis":{"d":{"order4":{"fftg":0.2532894922525623,"fftv":6.3603801372913065},"order3":{"fftg":0.019303873734249192,"fftv":0.6486622649455419},"order6":{"fftg":0.11367094552904862,"fftv":1.887584176796144},"order2":{"fftg":0.009620644266066557,"fftv":0.48109517484106873},"order1":{"fftg":0.13479005557120755,"fftv":13.64311730501324},"timestamp":1583926309,"temperature":29.076831817626953,"order8":{"fftg":0.1380640234182583,"fftv":1.740777017659229},"axis":"Y","bearing":"1","rpm":659.5514831542969,"order5":{"fftg":0.17985879578813072,"fftv":3.5992839827479304},"order7":{"fftg":0.17090162631100803,"fftv":2.421228694974478}}},"SingleAxisSensorBearing2-X-Axis":{"d":{"order4":{"fftg":0.032256818958525744,"fftv":0.8043035412107591},"order3":{"fftg":0.08636494302224287,"fftv":2.820923884938113},"order6":{"fftg":0.7794221459345365,"fftv":12.916124012226213},"order2":{"fftg":0.016173029090662427,"fftv":0.7993726338814028},"order1":{"fftg":0.42662213506073726,"fftv":43.167233505559835},"timestamp":1583926309,"temperature":29.076831817626953,"order8":{"fftg":0.1464259357401017,"fftv":1.8430485366062352},"axis":"X","bearing":"2","rpm":659.5514831542969,"order5":{"fftg":0.25298864353712147,"fftv":5.061872089113172},"order7":{"fftg":0.6060574091186305,"fftv":8.676917959109629}}}},"deviceId":"SingleAxisSensorBearing2-X-Axis","deviceType":"SingleAxisSensor","eventType":"event","format":"json","_msgid":"865dc03b.02d74"}