{"topic":"iot-2/type/SingleAxisSensor/id/SingleAxisSensorBearing2-X-Axis/evt/event/fmt/json","payload":{"SingleAxisSensorBearing1-X-Axis":{"d":{"order4":{"fftg":0.03997104638326717,"fftv":0.9926295084371382},"order3":{"fftg":0.04849560777571852,"fftv":1.6280959007892857},"order6":{"fftg":1.015793784974688,"fftv":16.941975503711078},"order2":{"fftg":0.021373712566913467,"fftv":1.0799787521520665},"order1":{"fftg":0.11791889903515164,"fftv":11.934536638806314},"timestamp":1583926595,"temperature":29.12594223022461,"order8":{"fftg":0.08156992244026798,"fftv":1.0316582853376242},"axis":"X","bearing":"1","rpm":659.7661437988281,"order5":{"fftg":0.35060515020465793,"fftv":7.042145785092987},"order7":{"fftg":0.34041623338956073,"fftv":4.904221492025154}}},"SingleAxisSensorBearing1-Y-Axis":{"d":{"order4":{"fftg":0.267101928038601,"fftv":6.717491816049051},"order3":{"fftg":0.01305796947862714,"fftv":0.43889914153120013},"order6":{"fftg":0.09426079807090308,"fftv":1.5754328590205537},"order2":{"fftg":0.009212689262482332,"fftv":0.4633867862824576},"order1":{"fftg":0.1275820533393066,"fftv":12.91327808452573},"timestamp":1583926595,"temperature":29.12594223022461,"order8":{"fftg":0.11993587044082586,"fftv":1.5352842898046524},"axis":"Y","bearing":"1","rpm":659.7661437988281,"order5":{"fftg":0.1600053078394677,"fftv":3.2185148406601485},"order7":{"fftg":0.10203489143456734,"fftv":1.4459437736991223}}},"SingleAxisSensorBearing2-X-Axis":{"d":{"order4":{"fftg":0.045927944636012255,"fftv":1.1585727183803942},"order3":{"fftg":0.1144426945820113,"fftv":3.7409780988722217},"order6":{"fftg":0.8093987351023529,"fftv":13.446271273448488},"order2":{"fftg":0.01589105261882755,"fftv":0.8018170689128529},"order1":{"fftg":0.601763533798939,"fftv":60.896498473827016},"timestamp":1583926595,"temperature":29.12594223022461,"order8":{"fftg":0.10877534399132519,"fftv":1.4252554080382556},"axis":"X","bearing":"2","rpm":659.7661437988281,"order5":{"fftg":0.277771409815808,"fftv":5.585008803452356},"order7":{"fftg":0.4314290815188899,"fftv":6.200459751679516}}}},"deviceId":"SingleAxisSensorBearing2-X-Axis","deviceType":"SingleAxisSensor","eventType":"event","format":"json","_msgid":"a835949d.adc148"}