{"topic":"iot-2/type/SingleAxisSensor/id/SingleAxisSensorBearing2-X-Axis/evt/event/fmt/json","payload":{"SingleAxisSensorBearing1-X-Axis":{"d":{"order4":{"fftg":0.044503487656172805,"fftv":1.0990035325376624},"order3":{"fftg":0.03280250277699958,"fftv":1.0947122054904692},"order6":{"fftg":0.6244051443870352,"fftv":10.44626474751975},"order2":{"fftg":0.023299412095589264,"fftv":1.168175082917964},"order1":{"fftg":0.13723415500476557,"fftv":13.890857660176305},"timestamp":1583926808,"temperature":29.162790298461914,"order8":{"fftg":0.12448736787792923,"fftv":1.641548498029377},"axis":"X","bearing":"1","rpm":659.7713317871094,"order5":{"fftg":0.2555408448692557,"fftv":5.137933035875723},"order7":{"fftg":0.5305454354290384,"fftv":7.566948773227723}}},"SingleAxisSensorBearing1-Y-Axis":{"d":{"order4":{"fftg":0.32156733918937497,"fftv":8.086201923129693},"order3":{"fftg":0.022614745220278953,"fftv":0.7482396677993942},"order6":{"fftg":0.06032763669335582,"fftv":1.0113375422241038},"order2":{"fftg":0.012084747919967926,"fftv":0.6071949137626198},"order1":{"fftg":0.1293877012576333,"fftv":13.095786256740626},"timestamp":1583926808,"temperature":29.162790298461914,"order8":{"fftg":0.09747045212209778,"fftv":1.2504146060355203},"axis":"Y","bearing":"1","rpm":659.7713317871094,"order5":{"fftg":0.1588311716439949,"fftv":3.196575600787166},"order7":{"fftg":0.1308970449486898,"fftv":1.8470536467825107}}},"SingleAxisSensorBearing2-X-Axis":{"d":{"order4":{"fftg":0.06994115029962898,"fftv":1.7473600750404512},"order3":{"fftg":0.13605261820264683,"fftv":4.474194425003732},"order6":{"fftg":0.5466791841932591,"fftv":9.0545882310901},"order2":{"fftg":0.017464017871140842,"fftv":0.8804360194693664},"order1":{"fftg":0.632176175633944,"fftv":63.97419922586425},"timestamp":1583926808,"temperature":29.162790298461914,"order8":{"fftg":0.12521021221189282,"fftv":1.636662547730036},"axis":"X","bearing":"2","rpm":659.7713317871094,"order5":{"fftg":0.2432788193166552,"fftv":4.888257467925228},"order7":{"fftg":0.4763240831950963,"fftv":6.80954014906382}}}},"deviceId":"SingleAxisSensorBearing2-X-Axis","deviceType":"SingleAxisSensor","eventType":"event","format":"json","_msgid":"31b56639.9eb9da"}