{"topic":"iot-2/type/SingleAxisSensor/id/SingleAxisSensorBearing2-X-Axis/evt/event/fmt/json","payload":{"SingleAxisSensorBearing1-X-Axis":{"d":{"bearing":"1","rpm":659.726318359375,"order6":{"fftg":0.9311871512176575,"fftv":15.512769279287788},"order3":{"fftg":0.09985762607121276,"fftv":3.3185415077725686},"axis":"X","order4":{"fftg":0.2158430993336047,"fftv":5.421250694187549},"order7":{"fftg":0.6317326632263577,"fftv":9.031160001145517},"order8":{"fftg":0.13349772541362218,"fftv":1.6904820288591984},"order5":{"fftg":0.5693474205714348,"fftv":11.455732687116845},"timestamp":1583929892,"temperature":30.636171340942383,"order2":{"fftg":0.01567204525375466,"fftv":0.783060662646118},"order1":{"fftg":0.5903279295241808,"fftv":59.74981067783418}}},"SingleAxisSensorBearing1-Y-Axis":{"d":{"bearing":"1","rpm":659.726318359375,"order6":{"fftg":0.17250539684964067,"fftv":2.8793462863194406},"order3":{"fftg":0.04885856796766485,"fftv":1.6261008474515093},"axis":"Y","order4":{"fftg":0.23237930650679084,"fftv":5.83773754781049},"order7":{"fftg":0.15738358157719254,"fftv":2.2348224451880685},"order8":{"fftg":0.1939935267902583,"fftv":2.4493851583060353},"order5":{"fftg":0.22151880283957326,"fftv":4.456063024705611},"timestamp":1583929892,"temperature":30.636171340942383,"order2":{"fftg":0.0156705378543841,"fftv":0.7883225368767506},"order1":{"fftg":0.8988916104733838,"fftv":90.98151743543343}}},"SingleAxisSensorBearing2-X-Axis":{"d":{"bearing":"2","rpm":659.726318359375,"order6":{"fftg":0.7650402075207076,"fftv":12.717234150920682},"order3":{"fftg":0.12306124894738343,"fftv":4.035155884051025},"axis":"X","order4":{"fftg":0.14186671303525317,"fftv":3.562204100383797},"order7":{"fftg":0.5573695366375577,"fftv":7.969387342852792},"order8":{"fftg":0.13664497084341004,"fftv":1.7323414629288774},"order5":{"fftg":0.41188299009381585,"fftv":8.279750133262155},"timestamp":1583929892,"temperature":30.636171340942383,"order2":{"fftg":0.011274719790607037,"fftv":0.5718354009040754},"order1":{"fftg":0.8143157651716156,"fftv":82.40838466379475}}}},"deviceId":"SingleAxisSensorBearing2-X-Axis","deviceType":"SingleAxisSensor","eventType":"event","format":"json","_msgid":"52007c79.b1c4d4"}