{"topic":"iot-2/type/SingleAxisSensor/id/SingleAxisSensorBearing2-X-Axis/evt/event/fmt/json","payload":{"SingleAxisSensorBearing1-X-Axis":{"d":{"bearing":"1","rpm":659.5946044921875,"order6":{"fftg":0.9112803133995804,"fftv":15.22025162066654},"order3":{"fftg":0.06896752951330169,"fftv":2.331947895353651},"axis":"X","order4":{"fftg":0.19429762918217425,"fftv":4.877465865360416},"order7":{"fftg":0.564154733887916,"fftv":8.050626114477412},"order8":{"fftg":0.07785423812621185,"fftv":1.0200377052459888},"order5":{"fftg":0.6789327712258276,"fftv":13.640197734556038},"timestamp":1583929677,"temperature":30.550212860107422,"order2":{"fftg":0.015283783730634559,"fftv":0.7706059968790444},"order1":{"fftg":0.6095688957088944,"fftv":61.69860262625641}}},"SingleAxisSensorBearing1-Y-Axis":{"d":{"bearing":"1","rpm":659.5946044921875,"order6":{"fftg":0.20933978442079512,"fftv":3.497493212325709},"order3":{"fftg":0.04086597985097381,"fftv":1.372700213763816},"axis":"Y","order4":{"fftg":0.20878788069158485,"fftv":5.250177705429641},"order7":{"fftg":0.11612255310910247,"fftv":1.646506118806288},"order8":{"fftg":0.08718000547200645,"fftv":1.1025963368520608},"order5":{"fftg":0.2381165451585126,"fftv":4.782536204684083},"timestamp":1583929677,"temperature":30.550212860107422,"order2":{"fftg":0.017452422506799348,"fftv":0.872916217366828},"order1":{"fftg":0.9241239290250238,"fftv":93.53663949023435}}},"SingleAxisSensorBearing2-X-Axis":{"d":{"bearing":"2","rpm":659.5946044921875,"order6":{"fftg":0.6980314034906415,"fftv":11.633300823927136},"order3":{"fftg":0.10817985870505696,"fftv":3.544987045170524},"axis":"X","order4":{"fftg":0.11546726177881206,"fftv":2.89951518972855},"order7":{"fftg":0.5278498526340929,"fftv":7.538434683929069},"order8":{"fftg":0.12237798720075556,"fftv":1.5568507819139217},"order5":{"fftg":0.48468138873207883,"fftv":9.735071158328951},"timestamp":1583929677,"temperature":30.550212860107422,"order2":{"fftg":0.024438726528724173,"fftv":1.2157872792950621},"order1":{"fftg":0.8079761959262378,"fftv":81.76251390482626}}}},"deviceId":"SingleAxisSensorBearing2-X-Axis","deviceType":"SingleAxisSensor","eventType":"event","format":"json","_msgid":"b7d4bc53.9e89e"}