{"topic":"iot-2/type/SingleAxisSensor/id/SingleAxisSensorBearing1-X-Axis/evt/event/fmt/json","payload":{"SingleAxisSensorBearing1-Y-Axis":{"d":{"bearing":"1","rpm":659.7550659179688,"order6":{"fftg":0.19073088207614894,"fftv":3.1831391717141746},"order3":{"fftg":0.03697257978575982,"fftv":1.2467348071636843},"axis":"Y","order4":{"fftg":0.24092489940099884,"fftv":6.055492445834203},"order7":{"fftg":0.13622160194667315,"fftv":1.924994839183361},"order8":{"fftg":0.04755728524136725,"fftv":0.6292133811009657},"order5":{"fftg":0.23684978772891735,"fftv":4.758167664961978},"timestamp":1583929963,"temperature":30.427438735961914,"order2":{"fftg":0.016554712946190625,"fftv":0.8326799321429985},"order1":{"fftg":0.9769680718073626,"fftv":98.88709394946137}}},"SingleAxisSensorBearing2-X-Axis":{"d":{"bearing":"2","rpm":659.7550659179688,"order6":{"fftg":0.7379131096544531,"fftv":12.267720607095377},"order3":{"fftg":0.09616515664706642,"fftv":3.1517204773198673},"axis":"X","order4":{"fftg":0.1340187750018736,"fftv":3.3666461701564327},"order7":{"fftg":0.48823958205898327,"fftv":6.9948186115540985},"order8":{"fftg":0.06694331629915302,"fftv":0.8648465461797373},"order5":{"fftg":0.46158968923068683,"fftv":9.264766376981004},"timestamp":1583929963,"temperature":30.427438735961914,"order2":{"fftg":0.02496987297739085,"fftv":1.2446974236718105},"order1":{"fftg":0.8813418127033334,"fftv":89.19344302313094}}},"SingleAxisSensorBearing1-X-Axis":{"d":{"bearing":"1","rpm":659.7550659179688,"order6":{"fftg":0.909736157035676,"fftv":15.159440458405246},"order3":{"fftg":0.09935104026450804,"fftv":3.326142210025955},"axis":"X","order4":{"fftg":0.21694469957450713,"fftv":5.447384785167265},"order7":{"fftg":0.5407923914601178,"fftv":7.735609217331102},"order8":{"fftg":0.052802577482765706,"fftv":0.6791508209537103},"order5":{"fftg":0.6302382058202322,"fftv":12.653319343692306},"timestamp":1583929963,"temperature":30.427438735961914,"order2":{"fftg":0.010704253766708551,"fftv":0.5382567356590712},"order1":{"fftg":0.6481215496849522,"fftv":65.60189237352567}}}},"deviceId":"SingleAxisSensorBearing1-X-Axis","deviceType":"SingleAxisSensor","eventType":"event","format":"json","_msgid":"966cd7eb.f39388"}