{"topic":"iot-2/type/SingleAxisSensor/id/SingleAxisSensorBearing2-X-Axis/evt/event/fmt/json","payload":{"SingleAxisSensorBearing1-X-Axis":{"d":{"bearing":"1","rpm":659.7537536621094,"order6":{"fftg":1.0786657336857355,"fftv":17.984697419186816},"order3":{"fftg":0.10695166754654493,"fftv":3.585658656366275},"axis":"X","order4":{"fftg":0.20243415615018445,"fftv":5.08683904442178},"order7":{"fftg":0.5295355237748226,"fftv":7.579733531247277},"order8":{"fftg":0.0982933644083512,"fftv":1.2673043722277435},"order5":{"fftg":0.619831144200577,"fftv":12.473648632050539},"timestamp":1583930177,"temperature":30.488807678222656,"order2":{"fftg":0.009532993841386223,"fftv":0.4852700024881458},"order1":{"fftg":0.5732042332404413,"fftv":58.016080146273104}}},"SingleAxisSensorBearing1-Y-Axis":{"d":{"bearing":"1","rpm":659.7537536621094,"order6":{"fftg":0.17926047027724115,"fftv":2.9967370279650907},"order3":{"fftg":0.044228937554109185,"fftv":1.486889854739106},"axis":"Y","order4":{"fftg":0.23108624194791855,"fftv":5.807122987772182},"order7":{"fftg":0.12908574289950114,"fftv":1.8258143162089568},"order8":{"fftg":0.0957203729050104,"fftv":1.2187593639953456},"order5":{"fftg":0.2338968631786574,"fftv":4.701717298260448},"timestamp":1583930177,"temperature":30.488807678222656,"order2":{"fftg":0.01794531493546773,"fftv":0.9036297396914129},"order1":{"fftg":0.8712494060449304,"fftv":88.18251450606527}}},"SingleAxisSensorBearing2-X-Axis":{"d":{"bearing":"2","rpm":659.7537536621094,"order6":{"fftg":0.8904474590723235,"fftv":14.816778046335491},"order3":{"fftg":0.11143269471714166,"fftv":3.660567231043249},"axis":"X","order4":{"fftg":0.1215636978996285,"fftv":3.0534953489346077},"order7":{"fftg":0.5659610627185968,"fftv":8.09752277600568},"order8":{"fftg":0.11392457238542539,"fftv":1.4228412247859468},"order5":{"fftg":0.4321335591848105,"fftv":8.696076138107209},"timestamp":1583930177,"temperature":30.488807678222656,"order2":{"fftg":0.01856081322632907,"fftv":0.9255040754929218},"order1":{"fftg":0.7689343118629152,"fftv":77.81169137451644}}}},"deviceId":"SingleAxisSensorBearing2-X-Axis","deviceType":"SingleAxisSensor","eventType":"event","format":"json","_msgid":"a593836c.2a324"}