{"topic":"iot-2/type/SingleAxisSensor/id/SingleAxisSensorBearing1-Y-Axis/evt/event/fmt/json","payload":{"SingleAxisSensorBearing1-X-Axis":{"d":{"bearing":"1","rpm":659.7647399902344,"order6":{"fftg":1.0056790925624222,"fftv":16.74939206392035},"order3":{"fftg":0.10040931057565401,"fftv":3.3645659563696966},"axis":"X","order4":{"fftg":0.22904598223221995,"fftv":5.7620090651558575},"order7":{"fftg":0.3804296607449023,"fftv":5.450263847647228},"order8":{"fftg":0.10250788544691723,"fftv":1.3553658937340698},"order5":{"fftg":0.5598038130402054,"fftv":11.252629901985616},"timestamp":1583929605,"temperature":30.316926956176758,"order2":{"fftg":0.009954862269741002,"fftv":0.5075880147733247},"order1":{"fftg":0.6458870786930514,"fftv":65.3755268166415}}},"SingleAxisSensorBearing2-X-Axis":{"d":{"bearing":"2","rpm":659.7647399902344,"order6":{"fftg":0.8640770469106938,"fftv":14.359718811703793},"order3":{"fftg":0.13255612134374017,"fftv":4.357086685527347},"axis":"X","order4":{"fftg":0.12348896002648034,"fftv":3.11148925995414},"order7":{"fftg":0.3742448165692361,"fftv":5.346996159640283},"order8":{"fftg":0.13693156231032383,"fftv":1.7751261355704269},"order5":{"fftg":0.3992441244391851,"fftv":8.028948528128387},"timestamp":1583929605,"temperature":30.316926956176758,"order2":{"fftg":0.016959534879176032,"fftv":0.8565677859909043},"order1":{"fftg":0.8806785112439388,"fftv":89.12584459839358}}},"SingleAxisSensorBearing1-Y-Axis":{"d":{"bearing":"1","rpm":659.7647399902344,"order6":{"fftg":0.1127566113527545,"fftv":1.8901190165263566},"order3":{"fftg":0.05287691818260673,"fftv":1.7677144807964864},"axis":"Y","order4":{"fftg":0.23838609379017336,"fftv":5.987318626308271},"order7":{"fftg":0.14892228434870441,"fftv":2.0971115651742163},"order8":{"fftg":0.10527695748892607,"fftv":1.3591762580798976},"order5":{"fftg":0.21763557186016314,"fftv":4.375180995818665},"timestamp":1583929605,"temperature":30.316926956176758,"order2":{"fftg":0.013876741929261503,"fftv":0.7032774367671608},"order1":{"fftg":0.9723897601474274,"fftv":98.42315596586077}}}},"deviceId":"SingleAxisSensorBearing1-Y-Axis","deviceType":"SingleAxisSensor","eventType":"event","format":"json","_msgid":"7a292d88.495d14"}