{"topic":"iot-2/type/SingleAxisSensor/id/SingleAxisSensorBearing2-X-Axis/evt/event/fmt/json","payload":{"SingleAxisSensorBearing1-X-Axis":{"d":{"bearing":"1","rpm":659.7427673339844,"order6":{"fftg":1.019171252101962,"fftv":16.974724371562772},"order3":{"fftg":0.09910789560105174,"fftv":3.3216183221911773},"axis":"X","order4":{"fftg":0.21659129887679046,"fftv":5.45268647979238},"order7":{"fftg":0.4265518643510298,"fftv":6.122109279857956},"order8":{"fftg":0.1117745534183303,"fftv":1.4688570353106196},"order5":{"fftg":0.49276697108525375,"fftv":9.910406429301013},"timestamp":1583929102,"temperature":30.341480255126953,"order2":{"fftg":0.005604723249842711,"fftv":0.276488040317679},"order1":{"fftg":0.6509894121355245,"fftv":65.89120447008007}}},"SingleAxisSensorBearing1-Y-Axis":{"d":{"bearing":"1","rpm":659.7427673339844,"order6":{"fftg":0.1542802127391004,"fftv":2.5870771256861533},"order3":{"fftg":0.04828476921135911,"fftv":1.6151392235451247},"axis":"Y","order4":{"fftg":0.22935468453648683,"fftv":5.759333521442329},"order7":{"fftg":0.15187299853818512,"fftv":2.142031563031789},"order8":{"fftg":0.15491566988911806,"fftv":1.9718982381416132},"order5":{"fftg":0.19200139933064267,"fftv":3.862798677030751},"timestamp":1583929102,"temperature":30.341480255126953,"order2":{"fftg":0.018646519150373422,"fftv":0.9401096944110984},"order1":{"fftg":0.978906097149969,"fftv":99.08206428571206}}},"SingleAxisSensorBearing2-X-Axis":{"d":{"bearing":"2","rpm":659.7427673339844,"order6":{"fftg":0.8534330033435442,"fftv":14.17899643765063},"order3":{"fftg":0.11176134948819154,"fftv":3.666953066459556},"axis":"X","order4":{"fftg":0.12831887458865732,"fftv":3.2340266306082857},"order7":{"fftg":0.4404169646242656,"fftv":6.31533784903336},"order8":{"fftg":0.16363976838342853,"fftv":2.0818524496691566},"order5":{"fftg":0.3725520853698925,"fftv":7.494879944480167},"timestamp":1583929102,"temperature":30.341480255126953,"order2":{"fftg":0.03597528367093315,"fftv":1.8067947093005317},"order1":{"fftg":0.8762308850517886,"fftv":88.67448559543888}}}},"deviceId":"SingleAxisSensorBearing2-X-Axis","deviceType":"SingleAxisSensor","eventType":"event","format":"json","_msgid":"b8fddd33.855db"}