{"topic":"iot-2/type/SingleAxisSensor/id/SingleAxisSensorBearing2-X-Axis/evt/event/fmt/json","payload":{"SingleAxisSensorBearing1-Y-Axis":{"d":{"bearing":"1","rpm":659.8141479492188,"order6":{"fftg":0.18890618186060007,"fftv":3.1504516061954377},"order3":{"fftg":0.04706563028181293,"fftv":1.572861754484023},"axis":"Y","order4":{"fftg":0.2195791572059291,"fftv":5.516027448344259},"order7":{"fftg":0.16093757345228643,"fftv":2.288171287499686},"order8":{"fftg":0.10151726291958915,"fftv":1.279070336322075},"order5":{"fftg":0.22572000781718107,"fftv":4.53116794765517},"timestamp":1583930819,"temperature":30.82034683227539,"order2":{"fftg":0.01911429128458697,"fftv":0.9592933287647656},"order1":{"fftg":0.9625213473902684,"fftv":97.42535885755099}}},"SingleAxisSensorBearing1-X-Axis":{"d":{"bearing":"1","rpm":659.8141479492188,"order6":{"fftg":0.6971788963963289,"fftv":11.645679413360153},"order3":{"fftg":0.12476899994801209,"fftv":4.1603874478388985},"axis":"X","order4":{"fftg":0.21257709015206297,"fftv":5.335259562311527},"order7":{"fftg":0.4792857097263822,"fftv":6.840041841877068},"order8":{"fftg":0.05195999192037347,"fftv":0.6622255620035142},"order5":{"fftg":0.6764510959987283,"fftv":13.57651483326726},"timestamp":1583930819,"temperature":30.82034683227539,"order2":{"fftg":0.012470046815492445,"fftv":0.6257700451813363},"order1":{"fftg":0.6392108578697847,"fftv":64.70055032994269}}},"SingleAxisSensorBearing2-X-Axis":{"d":{"bearing":"2","rpm":659.8141479492188,"order6":{"fftg":0.5130611379255565,"fftv":8.530806469705725},"order3":{"fftg":0.14331272176766194,"fftv":4.718807619713026},"axis":"X","order4":{"fftg":0.13749119665833742,"fftv":3.4490431401826616},"order7":{"fftg":0.3960057917349783,"fftv":5.653290152568754},"order8":{"fftg":0.1378285509241363,"fftv":1.7370348012550818},"order5":{"fftg":0.48556962125778685,"fftv":9.742538332108404},"timestamp":1583930819,"temperature":30.82034683227539,"order2":{"fftg":0.030687716481144912,"fftv":1.5351970373214772},"order1":{"fftg":0.8416890075062696,"fftv":85.177754305849}}}},"deviceId":"SingleAxisSensorBearing2-X-Axis","deviceType":"SingleAxisSensor","eventType":"event","format":"json","_msgid":"356f6852.8ab6c8"}