{"topic":"iot-2/type/SingleAxisSensor/id/SingleAxisSensorBearing2-X-Axis/evt/event/fmt/json","payload":{"SingleAxisSensorBearing1-X-Axis":{"d":{"bearing":"1","rpm":659.8269348144531,"order6":{"fftg":0.9071471893231244,"fftv":15.123137366773967},"order3":{"fftg":0.11527862017905322,"fftv":3.8437178907797116},"axis":"X","order4":{"fftg":0.22877195076570586,"fftv":5.747270219122997},"order7":{"fftg":0.5155261107183233,"fftv":7.372194358822754},"order8":{"fftg":0.10148471622700257,"fftv":1.2897673462174322},"order5":{"fftg":0.6116385927707172,"fftv":12.30058018650842},"timestamp":1583929749,"temperature":30.513397216796875,"order2":{"fftg":0.013926695773853043,"fftv":0.7011159811426063},"order1":{"fftg":0.6254219041163936,"fftv":63.30277022561268}}},"SingleAxisSensorBearing1-Y-Axis":{"d":{"bearing":"1","rpm":659.8269348144531,"order6":{"fftg":0.15245484641987025,"fftv":2.548026270035611},"order3":{"fftg":0.03582460611582713,"fftv":1.200178643911078},"axis":"Y","order4":{"fftg":0.22575682085904109,"fftv":5.670708417077231},"order7":{"fftg":0.09807574551035693,"fftv":1.3882532920836614},"order8":{"fftg":0.12393021920285717,"fftv":1.5585345562767468},"order5":{"fftg":0.22079604074229542,"fftv":4.4412693061507245},"timestamp":1583929749,"temperature":30.513397216796875,"order2":{"fftg":0.014689749040296813,"fftv":0.741565227760498},"order1":{"fftg":0.9485562530402162,"fftv":96.00912992508455}}},"SingleAxisSensorBearing2-X-Axis":{"d":{"bearing":"2","rpm":659.8269348144531,"order6":{"fftg":0.7357512520849442,"fftv":12.237978690628452},"order3":{"fftg":0.12682067596201507,"fftv":4.182951462383718},"axis":"X","order4":{"fftg":0.15183901440548608,"fftv":3.8145072431705045},"order7":{"fftg":0.49584637568067363,"fftv":7.097653060617671},"order8":{"fftg":0.1406388229881735,"fftv":1.777931939566591},"order5":{"fftg":0.45898706273822576,"fftv":9.223360699119796},"timestamp":1583929749,"temperature":30.513397216796875,"order2":{"fftg":0.013426339413118887,"fftv":0.6751942379587276},"order1":{"fftg":0.8637479362727214,"fftv":87.41231612407118}}}},"deviceId":"SingleAxisSensorBearing2-X-Axis","deviceType":"SingleAxisSensor","eventType":"event","format":"json","_msgid":"9e1c3314.47529"}