{"topic":"iot-2/type/SingleAxisSensor/id/SingleAxisSensorBearing1-X-Axis/evt/event/fmt/json","payload":{"SingleAxisSensorBearing2-X-Axis":{"d":{"bearing":"2","rpm":659.8580627441406,"order6":{"fftg":0.7538912151864011,"fftv":12.52864255190319},"order3":{"fftg":0.14905884044887255,"fftv":4.904106178598655},"axis":"X","order4":{"fftg":0.13162647952367912,"fftv":3.310254571378411},"order7":{"fftg":0.5299904341589653,"fftv":7.582014069292307},"order8":{"fftg":0.12532518140781354,"fftv":1.6118842909385673},"order5":{"fftg":0.4517226062086174,"fftv":9.061563952089028},"timestamp":1583929820,"temperature":30.39059066772461,"order2":{"fftg":0.02766129669430919,"fftv":1.382792059426661},"order1":{"fftg":0.8516318787850045,"fftv":86.1853817388403}}},"SingleAxisSensorBearing1-Y-Axis":{"d":{"bearing":"1","rpm":659.8580627441406,"order6":{"fftg":0.19155482223060397,"fftv":3.1952603509971853},"order3":{"fftg":0.05385161039293767,"fftv":1.7936833372637462},"axis":"Y","order4":{"fftg":0.2397424830785069,"fftv":6.010617975192577},"order7":{"fftg":0.12254935176560419,"fftv":1.7334540087900754},"order8":{"fftg":0.08858192306485954,"fftv":1.122474065318464},"order5":{"fftg":0.23343032789431278,"fftv":4.683288642873525},"timestamp":1583929820,"temperature":30.39059066772461,"order2":{"fftg":0.0185050784432977,"fftv":0.929015587355261},"order1":{"fftg":0.9617244960027248,"fftv":97.34477611042057}}},"SingleAxisSensorBearing1-X-Axis":{"d":{"bearing":"1","rpm":659.8580627441406,"order6":{"fftg":0.9201037045377765,"fftv":15.319003389949174},"order3":{"fftg":0.12876618038952792,"fftv":4.286637952973503},"axis":"X","order4":{"fftg":0.2153609862967102,"fftv":5.411543428665831},"order7":{"fftg":0.5569770702529663,"fftv":7.965672741280893},"order8":{"fftg":0.08826086771804187,"fftv":1.1393529343994977},"order5":{"fftg":0.6149375213127058,"fftv":12.34063385012368},"timestamp":1583929820,"temperature":30.39059066772461,"order2":{"fftg":0.01325543260148068,"fftv":0.6660898650079732},"order1":{"fftg":0.6379823489772884,"fftv":64.57624756416544}}}},"deviceId":"SingleAxisSensorBearing1-X-Axis","deviceType":"SingleAxisSensor","eventType":"event","format":"json","_msgid":"f787dd43.419bf"}