{"topic":"iot-2/type/SingleAxisSensor/id/SingleAxisSensorBearing2-X-Axis/evt/event/fmt/json","payload":{"SingleAxisSensorBearing1-X-Axis":{"d":{"bearing":"1","rpm":659.7043762207031,"order6":{"fftg":0.8627974997469482,"fftv":14.394982669212485},"order3":{"fftg":0.07824364959958788,"fftv":2.618656252264303},"axis":"X","order4":{"fftg":0.21618925778062012,"fftv":5.436788528938655},"order7":{"fftg":0.5610674241447055,"fftv":8.026061254379144},"order8":{"fftg":0.08206853163661758,"fftv":1.0335539298048368},"order5":{"fftg":0.6064539242849729,"fftv":12.187688209959173},"timestamp":1583930463,"temperature":30.525657653808594,"order2":{"fftg":0.012459718928287407,"fftv":0.6197843243610095},"order1":{"fftg":0.6167182968109417,"fftv":62.42139402375317}}},"SingleAxisSensorBearing1-Y-Axis":{"d":{"bearing":"1","rpm":659.7043762207031,"order6":{"fftg":0.16551824249924507,"fftv":2.7708506997216067},"order3":{"fftg":0.024723580873878426,"fftv":0.8328550673482642},"axis":"Y","order4":{"fftg":0.22447388061010642,"fftv":5.633340625324745},"order7":{"fftg":0.15180881530450457,"fftv":2.153969569701013},"order8":{"fftg":0.1293112097425403,"fftv":1.6491474399635586},"order5":{"fftg":0.2292679191557028,"fftv":4.609583586922573},"timestamp":1583930463,"temperature":30.525657653808594,"order2":{"fftg":0.013484084994978359,"fftv":0.679936554351284},"order1":{"fftg":0.9333044975988389,"fftv":94.46507101255435}}},"SingleAxisSensorBearing2-X-Axis":{"d":{"bearing":"2","rpm":659.7043762207031,"order6":{"fftg":0.7060949817176678,"fftv":11.747641886103697},"order3":{"fftg":0.12182727792935255,"fftv":4.011187251212081},"axis":"X","order4":{"fftg":0.14021126921293134,"fftv":3.526187099842264},"order7":{"fftg":0.48667677890092625,"fftv":6.957258844371169},"order8":{"fftg":0.13721250000493568,"fftv":1.7367684205402512},"order5":{"fftg":0.44754829463612195,"fftv":8.992482590152743},"timestamp":1583930463,"temperature":30.525657653808594,"order2":{"fftg":0.014561442371456576,"fftv":0.7296551288673877},"order1":{"fftg":0.846076996990077,"fftv":85.62366015417753}}}},"deviceId":"SingleAxisSensorBearing2-X-Axis","deviceType":"SingleAxisSensor","eventType":"event","format":"json","_msgid":"cb65974c.ecf048"}