{"topic":"iot-2/type/SingleAxisSensor/id/SingleAxisSensorBearing2-X-Axis/evt/event/fmt/json","payload":{"SingleAxisSensorBearing1-X-Axis":{"d":{"bearing":"1","rpm":659.896484375,"order6":{"fftg":0.679122754650337,"fftv":11.351017293078844},"order3":{"fftg":0.0684833909211607,"fftv":2.309774083007535},"axis":"X","order4":{"fftg":0.2228354766710149,"fftv":5.60341471840514},"order7":{"fftg":0.5247405602571147,"fftv":7.494888039856561},"order8":{"fftg":0.07247882512817883,"fftv":0.9577755875333326},"order5":{"fftg":0.626392569848665,"fftv":12.58307023384607},"timestamp":1583930249,"temperature":30.685279846191406,"order2":{"fftg":0.01379523475565451,"fftv":0.7010882243406238},"order1":{"fftg":0.6412501020943228,"fftv":64.90590285007681}}},"SingleAxisSensorBearing1-Y-Axis":{"d":{"bearing":"1","rpm":659.896484375,"order6":{"fftg":0.17440220443659343,"fftv":2.917524421283084},"order3":{"fftg":0.0385750277572275,"fftv":1.2941657276099312},"axis":"Y","order4":{"fftg":0.22601221854872747,"fftv":5.676562952619344},"order7":{"fftg":0.2346985726534905,"fftv":3.328895077061855},"order8":{"fftg":0.10637552950948177,"fftv":1.3620903289582142},"order5":{"fftg":0.24400133473936622,"fftv":4.900642313656258},"timestamp":1583930249,"temperature":30.685279846191406,"order2":{"fftg":0.018867762620716877,"fftv":0.9497009689528428},"order1":{"fftg":0.966080133289974,"fftv":97.78357680506767}}},"SingleAxisSensorBearing2-X-Axis":{"d":{"bearing":"2","rpm":659.896484375,"order6":{"fftg":0.5085804096324456,"fftv":8.467481999634405},"order3":{"fftg":0.08960678305230718,"fftv":2.9466661158758654},"axis":"X","order4":{"fftg":0.1389954534235037,"fftv":3.4941656538071304},"order7":{"fftg":0.38268745264245896,"fftv":5.4709316826839505},"order8":{"fftg":0.16376296208739516,"fftv":2.06205126475308},"order5":{"fftg":0.4480054435046239,"fftv":9.00132047880899},"timestamp":1583930249,"temperature":30.685279846191406,"order2":{"fftg":0.028524918745586474,"fftv":1.4252841795564284},"order1":{"fftg":0.8582643149157588,"fftv":86.85489352534357}}}},"deviceId":"SingleAxisSensorBearing2-X-Axis","deviceType":"SingleAxisSensor","eventType":"event","format":"json","_msgid":"9f522e45.c805b"}