{"topic":"iot-2/type/SingleAxisSensor/id/SingleAxisSensorBearing2-X-Axis/evt/event/fmt/json","payload":{"SingleAxisSensorBearing1-X-Axis":{"d":{"bearing":"1","rpm":660.0173645019531,"order6":{"fftg":0.6780358694515937,"fftv":11.337442070960039},"order3":{"fftg":0.13197768645759472,"fftv":4.384665246289744},"axis":"X","order4":{"fftg":0.21659866002495104,"fftv":5.446285270720499},"order7":{"fftg":0.4149213598575607,"fftv":5.943653360489031},"order8":{"fftg":0.07328324672700469,"fftv":0.92967827445431},"order5":{"fftg":0.6155755938093174,"fftv":12.361634315608468},"timestamp":1583930891,"temperature":30.697540283203125,"order2":{"fftg":0.014770614326856363,"fftv":0.7479776132167781},"order1":{"fftg":0.62147713843172,"fftv":62.903825818066586}}},"SingleAxisSensorBearing1-Y-Axis":{"d":{"bearing":"1","rpm":660.0173645019531,"order6":{"fftg":0.13608075518849838,"fftv":2.2807781105008855},"order3":{"fftg":0.04218194103348613,"fftv":1.4045296092017603},"axis":"Y","order4":{"fftg":0.2178992969220384,"fftv":5.474146010321966},"order7":{"fftg":0.2631064894616144,"fftv":3.748310600380574},"order8":{"fftg":0.12452243753634219,"fftv":1.5718849574503655},"order5":{"fftg":0.21441275385800335,"fftv":4.30922510285873},"timestamp":1583930891,"temperature":30.697540283203125,"order2":{"fftg":0.014276609013369027,"fftv":0.720927869067469},"order1":{"fftg":0.9379042082071724,"fftv":94.93142739626781}}},"SingleAxisSensorBearing2-X-Axis":{"d":{"bearing":"2","rpm":660.0173645019531,"order6":{"fftg":0.5356091153883966,"fftv":8.89890352837225},"order3":{"fftg":0.14218490196256417,"fftv":4.686926104413672},"axis":"X","order4":{"fftg":0.13981772425724867,"fftv":3.5127672481704604},"order7":{"fftg":0.19940711467517833,"fftv":2.8641753443121583},"order8":{"fftg":0.18851400200880447,"fftv":2.368671082692182},"order5":{"fftg":0.4311490311058029,"fftv":8.662948575551715},"timestamp":1583930891,"temperature":30.697540283203125,"order2":{"fftg":0.010254216259352245,"fftv":0.515069328967663},"order1":{"fftg":0.8491461999666949,"fftv":85.9342473985112}}}},"deviceId":"SingleAxisSensorBearing2-X-Axis","deviceType":"SingleAxisSensor","eventType":"event","format":"json","_msgid":"553fe5c7.d0aa1c"}