{"topic":"iot-2/type/SingleAxisSensor/id/SingleAxisSensorBearing2-X-Axis/evt/event/fmt/json","payload":{"SingleAxisSensorBearing1-X-Axis":{"d":{"bearing":"1","rpm":659.9020080566406,"order6":{"fftg":0.7521284797534027,"fftv":12.61665863231096},"order3":{"fftg":0.053158800025251376,"fftv":1.8000383560808229},"axis":"X","order4":{"fftg":0.2030385019359903,"fftv":5.1014058965733815},"order7":{"fftg":0.5319001374147067,"fftv":7.60490567420566},"order8":{"fftg":0.0788007209443063,"fftv":1.0268269865481048},"order5":{"fftg":0.6466271221285481,"fftv":12.988573015866677},"timestamp":1583930035,"temperature":30.599321365356445,"order2":{"fftg":0.011412559447217122,"fftv":0.5741325993164891},"order1":{"fftg":0.5873810744010993,"fftv":59.45112673744548}}},"SingleAxisSensorBearing1-Y-Axis":{"d":{"bearing":"1","rpm":659.9020080566406,"order6":{"fftg":0.1646009751218363,"fftv":2.758823644757834},"order3":{"fftg":0.04553642023497799,"fftv":1.5251692377427244},"axis":"Y","order4":{"fftg":0.22547568212621172,"fftv":5.668673642171677},"order7":{"fftg":0.24360111166279821,"fftv":3.4573221000820773},"order8":{"fftg":0.10587604176331489,"fftv":1.3699034376734285},"order5":{"fftg":0.2264359988880152,"fftv":4.553702270527343},"timestamp":1583930035,"temperature":30.599321365356445,"order2":{"fftg":0.017905658345657147,"fftv":0.9008691889720637},"order1":{"fftg":0.8956996197800154,"fftv":90.65738391033722}}},"SingleAxisSensorBearing2-X-Axis":{"d":{"bearing":"2","rpm":659.9020080566406,"order6":{"fftg":0.540256225740568,"fftv":9.027576697775451},"order3":{"fftg":0.13339480859443323,"fftv":4.381996863702258},"axis":"X","order4":{"fftg":0.11327771684441472,"fftv":2.845422276395777},"order7":{"fftg":0.3910230079326259,"fftv":5.590073545869311},"order8":{"fftg":0.12366785133561785,"fftv":1.6100100818093368},"order5":{"fftg":0.4591869783102429,"fftv":9.225081005476722},"timestamp":1583930035,"temperature":30.599321365356445,"order2":{"fftg":0.021467498786070727,"fftv":1.0945673463225618},"order1":{"fftg":0.7955224566238099,"fftv":80.50319753676102}}}},"deviceId":"SingleAxisSensorBearing2-X-Axis","deviceType":"SingleAxisSensor","eventType":"event","format":"json","_msgid":"caf37a85.4c9dd8"}