{"topic":"iot-2/type/SingleAxisSensor/id/SingleAxisSensorBearing2-X-Axis/evt/event/fmt/json","payload":{"SingleAxisSensorBearing1-X-Axis":{"d":{"bearing":"1","rpm":660.0722961425781,"order6":{"fftg":0.7819811315153485,"fftv":13.091227292171423},"order3":{"fftg":0.14822601650241352,"fftv":4.935339561319105},"axis":"X","order4":{"fftg":0.1997427867918502,"fftv":5.022104585308306},"order7":{"fftg":0.7197519346091141,"fftv":10.296534573992817},"order8":{"fftg":0.0708616843495894,"fftv":0.8884581081280641},"order5":{"fftg":0.6250170932207108,"fftv":12.556848769678703},"timestamp":1583930748,"temperature":30.697540283203125,"order2":{"fftg":0.009229189442414229,"fftv":0.460711920888552},"order1":{"fftg":0.5855172022465603,"fftv":59.26262186350506}}},"SingleAxisSensorBearing1-Y-Axis":{"d":{"bearing":"1","rpm":660.0722961425781,"order6":{"fftg":0.18586513120573242,"fftv":3.106042519674432},"order3":{"fftg":0.06238949464088166,"fftv":2.0797157919247145},"axis":"Y","order4":{"fftg":0.22221414464648348,"fftv":5.583067136950508},"order7":{"fftg":0.25238264329402565,"fftv":3.5932595627618436},"order8":{"fftg":0.11643658542561824,"fftv":1.4823824426159664},"order5":{"fftg":0.21762595044636582,"fftv":4.374006673261139},"timestamp":1583930748,"temperature":30.697540283203125,"order2":{"fftg":0.017694951322518512,"fftv":0.8909966145129082},"order1":{"fftg":0.8918203895426995,"fftv":90.26504910867759}}},"SingleAxisSensorBearing2-X-Axis":{"d":{"bearing":"2","rpm":660.0722961425781,"order6":{"fftg":0.551342601421985,"fftv":9.195254229872674},"order3":{"fftg":0.15713583156354097,"fftv":5.1954227797824},"axis":"X","order4":{"fftg":0.1362534657382897,"fftv":3.425060789264301},"order7":{"fftg":0.5445413214392565,"fftv":7.807581767391543},"order8":{"fftg":0.17368147520889232,"fftv":2.1891217694884952},"order5":{"fftg":0.4271632872901763,"fftv":8.577356980581627},"timestamp":1583930748,"temperature":30.697540283203125,"order2":{"fftg":0.021284450448332107,"fftv":1.089200253067255},"order1":{"fftg":0.7852305034605239,"fftv":79.46099653673252}}}},"deviceId":"SingleAxisSensorBearing2-X-Axis","deviceType":"SingleAxisSensor","eventType":"event","format":"json","_msgid":"51b0ae46.d3d0e"}