{"topic":"iot-2/type/SingleAxisSensor/id/SingleAxisSensorBearing2-X-Axis/evt/event/fmt/json","payload":{"SingleAxisSensorBearing1-X-Axis":{"d":{"bearing":"1","rpm":659.8220520019531,"order6":{"fftg":0.8884102800863315,"fftv":14.844446086783622},"order3":{"fftg":0.12891860186156678,"fftv":4.298674852684381},"axis":"X","order4":{"fftg":0.20930266108608442,"fftv":5.265159722399138},"order7":{"fftg":0.39824038910804355,"fftv":5.709322338344646},"order8":{"fftg":0.15532099782018335,"fftv":2.006680950809576},"order5":{"fftg":0.6085571064157239,"fftv":12.236836040352676},"timestamp":1583930391,"temperature":30.74668312072754,"order2":{"fftg":0.010677807230481133,"fftv":0.552901138577577},"order1":{"fftg":0.6559932256647819,"fftv":66.39751931568549}}},"SingleAxisSensorBearing1-Y-Axis":{"d":{"bearing":"1","rpm":659.8220520019531,"order6":{"fftg":0.15228325968020096,"fftv":2.5542259853064184},"order3":{"fftg":0.03971434819311328,"fftv":1.335742222729432},"axis":"Y","order4":{"fftg":0.22711962602964436,"fftv":5.704946128471143},"order7":{"fftg":0.1937059143337346,"fftv":2.7267707926026326},"order8":{"fftg":0.13479439934777138,"fftv":1.7547460563996728},"order5":{"fftg":0.22448197692699207,"fftv":4.510532898570559},"timestamp":1583930391,"temperature":30.74668312072754,"order2":{"fftg":0.018070335331020895,"fftv":0.9080598142853241},"order1":{"fftg":0.9878252592169408,"fftv":99.98404668952611}}},"SingleAxisSensorBearing2-X-Axis":{"d":{"bearing":"2","rpm":659.8220520019531,"order6":{"fftg":0.7335396585099425,"fftv":12.224063124792043},"order3":{"fftg":0.14559220667694686,"fftv":4.784952244793169},"axis":"X","order4":{"fftg":0.14456887551487588,"fftv":3.6374588937104457},"order7":{"fftg":0.47913355932372326,"fftv":6.847036654784939},"order8":{"fftg":0.19353610879486352,"fftv":2.4996677875832},"order5":{"fftg":0.4250085328781878,"fftv":8.552775068746739},"timestamp":1583930391,"temperature":30.74668312072754,"order2":{"fftg":0.031126230032436777,"fftv":1.5449081703711356},"order1":{"fftg":0.871929658815373,"fftv":88.23711718700032}}}},"deviceId":"SingleAxisSensorBearing2-X-Axis","deviceType":"SingleAxisSensor","eventType":"event","format":"json","_msgid":"a70f5f06.f8a34"}