{"topic":"iot-2/type/SingleAxisSensor/id/SingleAxisSensorBearing2-X-Axis/evt/event/fmt/json","payload":{"SingleAxisSensorBearing1-X-Axis":{"d":{"bearing":"1","rpm":659.7647399902344,"order6":{"fftg":1.1081444895422063,"fftv":18.463382960063704},"order3":{"fftg":0.06956787149080344,"fftv":2.3332738337228482},"axis":"X","order4":{"fftg":0.19918955366131852,"fftv":4.999973343045298},"order7":{"fftg":0.5402969539019223,"fftv":7.745872918167572},"order8":{"fftg":0.09391773879931584,"fftv":1.1989591929845649},"order5":{"fftg":0.5990709451560935,"fftv":12.04010054952261},"timestamp":1583929319,"temperature":30.36603546142578,"order2":{"fftg":0.013734391048368011,"fftv":0.6970245998523952},"order1":{"fftg":0.5832333027633472,"fftv":59.030826441701414}}},"SingleAxisSensorBearing1-Y-Axis":{"d":{"bearing":"1","rpm":659.7647399902344,"order6":{"fftg":0.1664359426947548,"fftv":2.78312566989161},"order3":{"fftg":0.036017366610292346,"fftv":1.2057793688850078},"axis":"Y","order4":{"fftg":0.23523632855317766,"fftv":5.909889691210421},"order7":{"fftg":0.10206698516679062,"fftv":1.437958434062301},"order8":{"fftg":0.1652471061348147,"fftv":2.083565886514632},"order5":{"fftg":0.22151254118831018,"fftv":4.456914684416341},"timestamp":1583929319,"temperature":30.36603546142578,"order2":{"fftg":0.01633796407976861,"fftv":0.8200030074879139},"order1":{"fftg":0.8926193937131762,"fftv":90.34500608395776}}},"SingleAxisSensorBearing2-X-Axis":{"d":{"bearing":"2","rpm":659.7647399902344,"order6":{"fftg":0.8950954595964771,"fftv":14.878456342755177},"order3":{"fftg":0.12003888515807418,"fftv":3.939082108173165},"axis":"X","order4":{"fftg":0.12747812520785687,"fftv":3.2046208254323316},"order7":{"fftg":0.5392325111482849,"fftv":7.728693817739226},"order8":{"fftg":0.16683293248680106,"fftv":2.097803634727387},"order5":{"fftg":0.41898597308046376,"fftv":8.413352661170627},"timestamp":1583929319,"temperature":30.36603546142578,"order2":{"fftg":0.011646871663243694,"fftv":0.5795262007105855},"order1":{"fftg":0.8083155256748019,"fftv":81.7985663837034}}}},"deviceId":"SingleAxisSensorBearing2-X-Axis","deviceType":"SingleAxisSensor","eventType":"event","format":"json","_msgid":"d75dc066.b1188"}