{
	"topic": "iot-2/type/SingleAxisSensor/id/SingleAxisSensorBearing2-X-Axis/evt/event/fmt/json",
	"payload": {
		"SingleAxisSensorBearing1-X-Axis": {
			"d": {
				"order4": {
					"fftv": 4.41859472995423,
					"fftg": 0.17630135801921485
				},
				"order5": {
					"fftv": 17.205525176121826,
					"fftg": 0.8568164578682482
				},
				"rpm": 661.5758056640625,
				"order1": {
					"fftv": 37.68204341567841,
					"fftg": 0.3722549863117264
				},
				"temperature": 29.420631408691408,
				"order8": {
					"fftv": 1.7633077965573294,
					"fftg": 0.13240051455825109
				},
				"order7": {
					"fftv": 6.471050879699703,
					"fftg": 0.45372027882225077
				},
				"timestamp": 1583924560,
				"order2": {
					"fftv": 1.3195195469811925,
					"fftg": 0.026532809679268814
				},
				"axis": "X",
				"bearing": "1",
				"order6": {
					"fftv": 8.20486836696611,
					"fftg": 0.49486168432078456
				},
				"order3": {
					"fftv": 2.3594162242817755,
					"fftg": 0.07037144566858733
				}
			}
		},
		"SingleAxisSensorBearing1-Y-Axis": {
			"d": {
				"order4": {
					"fftv": 5.241012967229255,
					"fftg": 0.2092326707011382
				},
				"order5": {
					"fftv": 4.839759196290958,
					"fftg": 0.24113641021380095
				},
				"rpm": 661.5758056640625,
				"order1": {
					"fftv": 54.49913271986704,
					"fftg": 0.5383918238218196
				},
				"temperature": 29.420631408691408,
				"order8": {
					"fftv": 1.7801730374295224,
					"fftg": 0.13850566537301604
				},
				"order7": {
					"fftv": 2.9314116577701418,
					"fftg": 0.20738007615557553
				},
				"timestamp": 1583924560,
				"order2": {
					"fftv": 0.3915616553595767,
					"fftg": 0.007850803606979486
				},
				"axis": "Y",
				"bearing": "1",
				"order6": {
					"fftv": 1.2664215448530332,
					"fftg": 0.0756794166609026
				},
				"order3": {
					"fftv": 1.2440095640514329,
					"fftg": 0.037392768544675037
				}
			}
		},
		"SingleAxisSensorBearing2-X-Axis": {
			"d": {
				"order4": {
					"fftv": 3.74860832689838,
					"fftg": 0.14958924164497146
				},
				"order5": {
					"fftv": 11.419603339935798,
					"fftg": 0.5684970288200886
				},
				"rpm": 661.5758056640625,
				"order1": {
					"fftv": 34.87702320623979,
					"fftg": 0.34460600447153069
				},
				"temperature": 29.420631408691408,
				"order8": {
					"fftv": 2.737284896556656,
					"fftg": 0.20996265342081814
				},
				"order7": {
					"fftv": 4.934177355436119,
					"fftg": 0.3465173042759492
				},
				"timestamp": 1583924560,
				"order2": {
					"fftv": 0.5935644540457796,
					"fftg": 0.011933324243770506
				},
				"axis": "X",
				"bearing": "2",
				"order6": {
					"fftv": 7.454721368614731,
					"fftg": 0.45209667208662998
				},
				"order3": {
					"fftv": 3.0870889755299095,
					"fftg": 0.09493046144063536
				}
			}
		}
	},
	"deviceId": "SingleAxisSensorBearing2-X-Axis",
	"deviceType": "SingleAxisSensor",
	"eventType": "event",
	"format": "json",
	"_msgid": "ec03a7e9.a008f8"
}