{
	"topic": "iot-2/type/SingleAxisSensor/id/SingleAxisSensorBearing2-X-Axis/evt/event/fmt/json",
	"payload": {
		"SingleAxisSensorBearing1-X-Axis": {
			"d": {
				"order2": {
					"fftg": 0.0132910394746517,
					"fftv": 0.6645723861712966
				},
				"order7": {
					"fftg": 0.3521474443682254,
					"fftv": 5.045096047266439
				},
				"order8": {
					"fftg": 0.12410064668255855,
					"fftv": 1.616882277846331
				},
				"axis": "X",
				"timestamp": 1583925202,
				"order4": {
					"fftg": 0.19864571969753296,
					"fftv": 4.96781254497985
				},
				"order5": {
					"fftg": 0.9569804149650587,
					"fftv": 19.19377279786597
				},
				"order6": {
					"fftg": 0.7802949801113042,
					"fftv": 12.956944448409797
				},
				"order1": {
					"fftg": 0.3559029499682772,
					"fftv": 36.025456888625559
				},
				"order3": {
					"fftg": 0.09876915227981564,
					"fftv": 3.291354826343738
				},
				"bearing": "1",
				"temperature": 29.408336639404298,
				"rpm": 661.4625549316406
			}
		},
		"SingleAxisSensorBearing1-Y-Axis": {
			"d": {
				"order2": {
					"fftg": 0.003965181593380476,
					"fftv": 0.2063313075825545
				},
				"order7": {
					"fftg": 0.1703098808896962,
					"fftv": 2.4168878022413584
				},
				"order8": {
					"fftg": 0.08733658026707239,
					"fftv": 1.1141028176088793
				},
				"axis": "Y",
				"timestamp": 1583925202,
				"order4": {
					"fftg": 0.21891853252578845,
					"fftv": 5.487513564521777
				},
				"order5": {
					"fftg": 0.2518876156000667,
					"fftv": 5.052347063506484
				},
				"order6": {
					"fftg": 0.08812256983250298,
					"fftv": 1.4662111523606132
				},
				"order1": {
					"fftg": 0.5139500445614865,
					"fftv": 52.02342135919876
				},
				"order3": {
					"fftg": 0.023899229714611119,
					"fftv": 0.8050190111388157
				},
				"bearing": "1",
				"temperature": 29.408336639404298,
				"rpm": 661.4625549316406
			}
		},
		"SingleAxisSensorBearing2-X-Axis": {
			"d": {
				"order2": {
					"fftg": 0.017923161515300265,
					"fftv": 0.8911950417731788
				},
				"order7": {
					"fftg": 0.4419863844397463,
					"fftv": 6.313593847292168
				},
				"order8": {
					"fftg": 0.12228964983014754,
					"fftv": 1.5661718100691358
				},
				"axis": "X",
				"timestamp": 1583925202,
				"order4": {
					"fftg": 0.14457888056972846,
					"fftv": 3.620759690113419
				},
				"order5": {
					"fftg": 0.6405636212547653,
					"fftv": 12.853286082821155
				},
				"order6": {
					"fftg": 0.7079094777787367,
					"fftv": 11.735855281923446
				},
				"order1": {
					"fftg": 0.3559120559918394,
					"fftv": 36.02164318982145
				},
				"order3": {
					"fftg": 0.1483046282123648,
					"fftv": 4.870745247413061
				},
				"bearing": "2",
				"temperature": 29.408336639404298,
				"rpm": 661.4625549316406
			}
		}
	},
	"deviceId": "SingleAxisSensorBearing2-X-Axis",
	"deviceType": "SingleAxisSensor",
	"eventType": "event",
	"format": "json",
	"_msgid": "858394f.7c0e168"
}