{
	"topic": "iot-2/type/SingleAxisSensor/id/SingleAxisSensorBearing2-X-Axis/evt/event/fmt/json",
	"payload": {
		"SingleAxisSensorBearing1-Y-Axis": {
			"d": {
				"order2": {
					"fftg": 0.005078734601268113,
					"fftv": 0.2552492646226092
				},
				"order7": {
					"fftg": 0.13042960766707763,
					"fftv": 1.8379008461271547
				},
				"order8": {
					"fftg": 0.13890092188044729,
					"fftv": 1.7535745519012192
				},
				"axis": "Y",
				"timestamp": 1583925273,
				"order4": {
					"fftg": 0.1983193190802442,
					"fftv": 4.976662402623133
				},
				"order5": {
					"fftg": 0.2509666496663747,
					"fftv": 5.034833902311243
				},
				"order6": {
					"fftg": 0.11966392990369389,
					"fftv": 1.9926402556090047
				},
				"order1": {
					"fftg": 0.5179939081913888,
					"fftv": 52.43164041683244
				},
				"order3": {
					"fftg": 0.006622028991701439,
					"fftv": 0.22924397923001536
				},
				"bearing": "1",
				"temperature": 29.346967697143556,
				"rpm": 661.6660461425781
			}
		},
		"SingleAxisSensorBearing1-X-Axis": {
			"d": {
				"order2": {
					"fftg": 0.019456500649442815,
					"fftv": 0.9686952338412387
				},
				"order7": {
					"fftg": 0.4211060072017226,
					"fftv": 6.024359521273158
				},
				"order8": {
					"fftg": 0.12238766518445973,
					"fftv": 1.5556841711780272
				},
				"axis": "X",
				"timestamp": 1583925273,
				"order4": {
					"fftg": 0.21401458326333523,
					"fftv": 5.3563669582036959
				},
				"order5": {
					"fftg": 0.9468454101534136,
					"fftv": 19.007679950283899
				},
				"order6": {
					"fftg": 0.7885568688003494,
					"fftv": 13.061962886220842
				},
				"order1": {
					"fftg": 0.3556979110043109,
					"fftv": 36.004130737075467
				},
				"order3": {
					"fftg": 0.0705512091016835,
					"fftv": 2.348310018928524
				},
				"bearing": "1",
				"temperature": 29.346967697143556,
				"rpm": 661.6660461425781
			}
		},
		"SingleAxisSensorBearing2-X-Axis": {
			"d": {
				"order2": {
					"fftg": 0.018505253395439869,
					"fftv": 0.9217243053714468
				},
				"order7": {
					"fftg": 0.5052876688556851,
					"fftv": 7.206950419680709
				},
				"order8": {
					"fftg": 0.16287811082216745,
					"fftv": 2.0677627894707975
				},
				"axis": "X",
				"timestamp": 1583925273,
				"order4": {
					"fftg": 0.1562689784647505,
					"fftv": 3.911913792351507
				},
				"order5": {
					"fftg": 0.6445476306890027,
					"fftv": 12.941076454801048
				},
				"order6": {
					"fftg": 0.719552481715075,
					"fftv": 11.900816741110967
				},
				"order1": {
					"fftg": 0.36383054306275816,
					"fftv": 36.8228498661793
				},
				"order3": {
					"fftg": 0.15339085060180528,
					"fftv": 5.041454466211828
				},
				"bearing": "2",
				"temperature": 29.346967697143556,
				"rpm": 661.6660461425781
			}
		}
	},
	"deviceId": "SingleAxisSensorBearing2-X-Axis",
	"deviceType": "SingleAxisSensor",
	"eventType": "event",
	"format": "json",
	"_msgid": "50152118.2d48"
}