{
	"topic": "iot-2/type/SingleAxisSensor/id/SingleAxisSensorBearing2-X-Axis/evt/event/fmt/json",
	"payload": {
		"SingleAxisSensorBearing1-X-Axis": {
			"d": {
				"order2": {
					"fftg": 0.018275995327960118,
					"fftv": 0.9075365412751156
				},
				"order7": {
					"fftg": 0.4555896935061708,
					"fftv": 6.542514994796443
				},
				"order8": {
					"fftg": 0.11938521071867039,
					"fftv": 1.5539643464383815
				},
				"axis": "X",
				"timestamp": 1583925486,
				"order4": {
					"fftg": 0.20880240808342966,
					"fftv": 5.250423768276176
				},
				"order5": {
					"fftg": 0.9111816590946678,
					"fftv": 18.31953638392149
				},
				"order6": {
					"fftg": 0.7065041208832767,
					"fftv": 11.755006505125204
				},
				"order1": {
					"fftg": 0.3604090202990064,
					"fftv": 36.48021229088031
				},
				"order3": {
					"fftg": 0.10560572231099785,
					"fftv": 3.5084784933214379
				},
				"bearing": "1",
				"temperature": 29.12594223022461,
				"rpm": 659.7867431640625
			}
		},
		"SingleAxisSensorBearing1-Y-Axis": {
			"d": {
				"order2": {
					"fftg": 0.007073569249964612,
					"fftv": 0.3571499107717211
				},
				"order7": {
					"fftg": 0.12864796775246593,
					"fftv": 1.8338615236838474
				},
				"order8": {
					"fftg": 0.1381893354442733,
					"fftv": 1.7443575757695287
				},
				"axis": "Y",
				"timestamp": 1583925486,
				"order4": {
					"fftg": 0.2066481884458786,
					"fftv": 5.1896709688677549
				},
				"order5": {
					"fftg": 0.24473986955670616,
					"fftv": 4.920589162634803
				},
				"order6": {
					"fftg": 0.08563760732607775,
					"fftv": 1.436208807963127
				},
				"order1": {
					"fftg": 0.5252627158034824,
					"fftv": 53.166464711913537
				},
				"order3": {
					"fftg": 0.025086112588393669,
					"fftv": 0.8305577095358523
				},
				"bearing": "1",
				"temperature": 29.12594223022461,
				"rpm": 659.7867431640625
			}
		},
		"SingleAxisSensorBearing2-X-Axis": {
			"d": {
				"order2": {
					"fftg": 0.01150639369683274,
					"fftv": 0.5752860033744455
				},
				"order7": {
					"fftg": 0.4295249314175681,
					"fftv": 6.159455818621232
				},
				"order8": {
					"fftg": 0.18005758607195206,
					"fftv": 2.292387852616433
				},
				"axis": "X",
				"timestamp": 1583925486,
				"order4": {
					"fftg": 0.157632994002757,
					"fftv": 3.9618074879093769
				},
				"order5": {
					"fftg": 0.6220403833280299,
					"fftv": 12.507768538641729
				},
				"order6": {
					"fftg": 0.6502372468631595,
					"fftv": 10.798973035972484
				},
				"order1": {
					"fftg": 0.34442970883529608,
					"fftv": 34.857134501841297
				},
				"order3": {
					"fftg": 0.14124695817191428,
					"fftv": 4.664649657461349
				},
				"bearing": "2",
				"temperature": 29.12594223022461,
				"rpm": 659.7867431640625
			}
		}
	},
	"deviceId": "SingleAxisSensorBearing2-X-Axis",
	"deviceType": "SingleAxisSensor",
	"eventType": "event",
	"format": "json",
	"_msgid": "c9a265c3.a04218"
}