{
	"topic": "iot-2/type/SingleAxisSensor/id/SingleAxisSensorBearing1-X-Axis/evt/event/fmt/json",
	"payload": {
		"SingleAxisSensorBearing2-X-Axis": {
			"d": {
				"order2": {
					"fftg": 0.010318060754228535,
					"fftv": 0.5169752546140759
				},
				"order7": {
					"fftg": 0.45717258158518056,
					"fftv": 6.569598271283802
				},
				"order8": {
					"fftg": 0.21199972747856064,
					"fftv": 2.7009020542475787
				},
				"axis": "X",
				"timestamp": 1583925628,
				"order4": {
					"fftg": 0.1588820177002184,
					"fftv": 3.9932809175802466
				},
				"order5": {
					"fftg": 0.5930349725802031,
					"fftv": 11.932939469193217
				},
				"order6": {
					"fftg": 0.6647342672238675,
					"fftv": 11.034716084364487
				},
				"order1": {
					"fftg": 0.316764183350265,
					"fftv": 32.05751804509513
				},
				"order3": {
					"fftg": 0.1223834720194241,
					"fftv": 4.029334367600111
				},
				"bearing": "2",
				"temperature": 29.19960594177246,
				"rpm": 659.7757263183594
			}
		},
		"SingleAxisSensorBearing1-Y-Axis": {
			"d": {
				"order2": {
					"fftg": 0.008705864749775479,
					"fftv": 0.4387795246604434
				},
				"order7": {
					"fftg": 0.15791570720685947,
					"fftv": 2.2414354904073696
				},
				"order8": {
					"fftg": 0.158270462496362,
					"fftv": 2.0039751059396835
				},
				"axis": "Y",
				"timestamp": 1583925628,
				"order4": {
					"fftg": 0.198902192841625,
					"fftv": 4.9954385722828429
				},
				"order5": {
					"fftg": 0.2479414932718677,
					"fftv": 4.984639133787339
				},
				"order6": {
					"fftg": 0.07803861807846671,
					"fftv": 1.3057280147070632
				},
				"order1": {
					"fftg": 0.5295780058993765,
					"fftv": 53.60437899142359
				},
				"order3": {
					"fftg": 0.017981337012149467,
					"fftv": 0.5925089006034543
				},
				"bearing": "1",
				"temperature": 29.19960594177246,
				"rpm": 659.7757263183594
			}
		},
		"SingleAxisSensorBearing1-X-Axis": {
			"d": {
				"order2": {
					"fftg": 0.019431299461789298,
					"fftv": 0.9741706585229319
				},
				"order7": {
					"fftg": 0.4899093668747543,
					"fftv": 7.038725059155318
				},
				"order8": {
					"fftg": 0.11775891293349687,
					"fftv": 1.5305121273866194
				},
				"axis": "X",
				"timestamp": 1583925628,
				"order4": {
					"fftg": 0.2167061683205379,
					"fftv": 5.445860381063507
				},
				"order5": {
					"fftg": 0.8805076101067991,
					"fftv": 17.70786709292986
				},
				"order6": {
					"fftg": 0.7289406068373515,
					"fftv": 12.124919128004278
				},
				"order1": {
					"fftg": 0.36250773697863078,
					"fftv": 36.693670828258699
				},
				"order3": {
					"fftg": 0.0979910566185694,
					"fftv": 3.2429935485106307
				},
				"bearing": "1",
				"temperature": 29.19960594177246,
				"rpm": 659.7757263183594
			}
		}
	},
	"deviceId": "SingleAxisSensorBearing1-X-Axis",
	"deviceType": "SingleAxisSensor",
	"eventType": "event",
	"format": "json",
	"_msgid": "f5734491.b126b8"
}