{
	"topic": "iot-2/type/SingleAxisSensor/id/SingleAxisSensorBearing2-X-Axis/evt/event/fmt/json",
	"payload": {
		"SingleAxisSensorBearing1-X-Axis": {
			"d": {
				"order2": {
					"fftg": 0.017032951436705719,
					"fftv": 0.8599503432327216
				},
				"order7": {
					"fftg": 0.6786074248998816,
					"fftv": 9.688215097667504
				},
				"order8": {
					"fftg": 0.09736407992946823,
					"fftv": 1.239760256384723
				},
				"axis": "X",
				"timestamp": 1583925770,
				"order4": {
					"fftg": 0.19341565603560016,
					"fftv": 4.8707305929430169
				},
				"order5": {
					"fftg": 0.8818656773077508,
					"fftv": 17.715003003138777
				},
				"order6": {
					"fftg": 0.49540843388703489,
					"fftv": 8.264282207521815
				},
				"order1": {
					"fftg": 0.3625973175749979,
					"fftv": 36.702604455211218
				},
				"order3": {
					"fftg": 0.10341725908215398,
					"fftv": 3.4312862699038315
				},
				"bearing": "1",
				"temperature": 29.175050735473634,
				"rpm": 659.6769409179688
			}
		},
		"SingleAxisSensorBearing1-Y-Axis": {
			"d": {
				"order2": {
					"fftg": 0.009414396320889097,
					"fftv": 0.4756408436651359
				},
				"order7": {
					"fftg": 0.17098846955497777,
					"fftv": 2.4297162737850734
				},
				"order8": {
					"fftg": 0.12480054718845954,
					"fftv": 1.5728447485964568
				},
				"axis": "Y",
				"timestamp": 1583925770,
				"order4": {
					"fftg": 0.20517183756485989,
					"fftv": 5.1481186287822429
				},
				"order5": {
					"fftg": 0.25995389362870865,
					"fftv": 5.224286657647644
				},
				"order6": {
					"fftg": 0.11271366508013645,
					"fftv": 1.8818224682212237
				},
				"order1": {
					"fftg": 0.5316183237384624,
					"fftv": 53.81063827423601
				},
				"order3": {
					"fftg": 0.035819104955388588,
					"fftv": 1.188153013064303
				},
				"bearing": "1",
				"temperature": 29.175050735473634,
				"rpm": 659.6769409179688
			}
		},
		"SingleAxisSensorBearing2-X-Axis": {
			"d": {
				"order2": {
					"fftg": 0.009346758724628831,
					"fftv": 0.4680731601750159
				},
				"order7": {
					"fftg": 0.6144140300461471,
					"fftv": 8.777641737444588
				},
				"order8": {
					"fftg": 0.1591743609830216,
					"fftv": 2.002462653773241
				},
				"axis": "X",
				"timestamp": 1583925770,
				"order4": {
					"fftg": 0.1501220246286414,
					"fftv": 3.7781990362221817
				},
				"order5": {
					"fftg": 0.6092974370864762,
					"fftv": 12.236362002617505
				},
				"order6": {
					"fftg": 0.42467148539905338,
					"fftv": 7.04770015417379
				},
				"order1": {
					"fftg": 0.3094339981601687,
					"fftv": 31.314699363441585
				},
				"order3": {
					"fftg": 0.1279332314982496,
					"fftv": 4.1982748520787489
				},
				"bearing": "2",
				"temperature": 29.175050735473634,
				"rpm": 659.6769409179688
			}
		}
	},
	"deviceId": "SingleAxisSensorBearing2-X-Axis",
	"deviceType": "SingleAxisSensor",
	"eventType": "event",
	"format": "json",
	"_msgid": "5392afd1.a5407"
}