{
	"topic": "iot-2/type/SingleAxisSensor/id/SingleAxisSensorBearing2-X-Axis/evt/event/fmt/json",
	"payload": {
		"SingleAxisSensorBearing1-Y-Axis": {
			"d": {
				"order2": {
					"fftg": 0.002492561012777542,
					"fftv": 0.15753340855378818
				},
				"order7": {
					"fftg": 0.17329007880238563,
					"fftv": 2.4764448367055245
				},
				"order8": {
					"fftg": 0.11863594653571148,
					"fftv": 1.4930722922608002
				},
				"axis": "Y",
				"timestamp": 1583925841,
				"order4": {
					"fftg": 0.18467136392358489,
					"fftv": 4.639743610701789
				},
				"order5": {
					"fftg": 0.2656372699301618,
					"fftv": 5.340913683103303
				},
				"order6": {
					"fftg": 0.1268754442522915,
					"fftv": 2.115305900886641
				},
				"order1": {
					"fftg": 0.4586593691914156,
					"fftv": 46.42065219100485
				},
				"order3": {
					"fftg": 0.026994876151834974,
					"fftv": 0.8934649638880081
				},
				"bearing": "1",
				"temperature": 29.29785919189453,
				"rpm": 659.9150085449219
			}
		},
		"SingleAxisSensorBearing1-X-Axis": {
			"d": {
				"order2": {
					"fftg": 0.007266583714458764,
					"fftv": 0.35933859318008129
				},
				"order7": {
					"fftg": 0.8283467455421983,
					"fftv": 11.851463457177653
				},
				"order8": {
					"fftg": 0.07032877486726233,
					"fftv": 0.9009168429642481
				},
				"axis": "X",
				"timestamp": 1583925841,
				"order4": {
					"fftg": 0.17979342413509823,
					"fftv": 4.522166971148391
				},
				"order5": {
					"fftg": 1.0722895968630165,
					"fftv": 21.565188931507494
				},
				"order6": {
					"fftg": 0.507894511913224,
					"fftv": 8.491918411512366
				},
				"order1": {
					"fftg": 0.3085452592090846,
					"fftv": 31.227639771647554
				},
				"order3": {
					"fftg": 0.08116492446289528,
					"fftv": 2.6949779012028789
				},
				"bearing": "1",
				"temperature": 29.29785919189453,
				"rpm": 659.9150085449219
			}
		},
		"SingleAxisSensorBearing2-X-Axis": {
			"d": {
				"order2": {
					"fftg": 0.010006144752726532,
					"fftv": 0.508074550600018
				},
				"order7": {
					"fftg": 0.745514703554484,
					"fftv": 10.668238162596652
				},
				"order8": {
					"fftg": 0.14577525753206573,
					"fftv": 1.8302660184517988
				},
				"axis": "X",
				"timestamp": 1583925841,
				"order4": {
					"fftg": 0.13221702744364498,
					"fftv": 3.3270933666011457
				},
				"order5": {
					"fftg": 0.7324029205180783,
					"fftv": 14.727029355185719
				},
				"order6": {
					"fftg": 0.4210998452442267,
					"fftv": 7.009148845697548
				},
				"order1": {
					"fftg": 0.3162785847880178,
					"fftv": 32.00797914041321
				},
				"order3": {
					"fftg": 0.12184575197582935,
					"fftv": 3.99708445060391
				},
				"bearing": "2",
				"temperature": 29.29785919189453,
				"rpm": 659.9150085449219
			}
		}
	},
	"deviceId": "SingleAxisSensorBearing2-X-Axis",
	"deviceType": "SingleAxisSensor",
	"eventType": "event",
	"format": "json",
	"_msgid": "8f5b376e.2842f8"
}