{
	"topic": "iot-2/type/SingleAxisSensor/id/SingleAxisSensorBearing1-X-Axis/evt/event/fmt/json",
	"payload": {
		"SingleAxisSensorBearing1-Y-Axis": {
			"d": {
				"order2": {
					"fftg": 0.0034958066129984748,
					"fftv": 0.18842810852154125
				},
				"order7": {
					"fftg": 0.15360026838906402,
					"fftv": 2.1880365123334339
				},
				"order8": {
					"fftg": 0.106513594963591,
					"fftv": 1.3560384865241547
				},
				"axis": "Y",
				"timestamp": 1583924703,
				"order4": {
					"fftg": 0.1890887176101967,
					"fftv": 4.737227533640456
				},
				"order5": {
					"fftg": 0.2588722840242332,
					"fftv": 5.187748843946332
				},
				"order6": {
					"fftg": 0.13048676325076875,
					"fftv": 2.1704637841650498
				},
				"order1": {
					"fftg": 0.4680260201613568,
					"fftv": 47.37266183811904
				},
				"order3": {
					"fftg": 0.014537078408109085,
					"fftv": 0.4876523585615539
				},
				"bearing": "1",
				"temperature": 29.175050735473634,
				"rpm": 661.7800903320313
			}
		},
		"SingleAxisSensorBearing2-X-Axis": {
			"d": {
				"order2": {
					"fftg": 0.013275405491365513,
					"fftv": 0.6668145084373162
				},
				"order7": {
					"fftg": 0.5067593803903232,
					"fftv": 7.232457685478832
				},
				"order8": {
					"fftg": 0.1504074751992496,
					"fftv": 1.8800974345855684
				},
				"axis": "X",
				"timestamp": 1583924703,
				"order4": {
					"fftg": 0.12212628702751426,
					"fftv": 3.0641616140696676
				},
				"order5": {
					"fftg": 0.7209203834758406,
					"fftv": 14.442093043490754
				},
				"order6": {
					"fftg": 0.5594271178266581,
					"fftv": 9.265124001477084
				},
				"order1": {
					"fftg": 0.3119234042943698,
					"fftv": 31.56955966303469
				},
				"order3": {
					"fftg": 0.1204221559782672,
					"fftv": 3.958473435068796
				},
				"bearing": "2",
				"temperature": 29.175050735473634,
				"rpm": 661.7800903320313
			}
		},
		"SingleAxisSensorBearing1-X-Axis": {
			"d": {
				"order2": {
					"fftg": 0.007932007133306236,
					"fftv": 0.39874311822913768
				},
				"order7": {
					"fftg": 0.5825913032623949,
					"fftv": 8.32533231961309
				},
				"order8": {
					"fftg": 0.08546188325001311,
					"fftv": 1.1125334348384604
				},
				"axis": "X",
				"timestamp": 1583924703,
				"order4": {
					"fftg": 0.15979262679480148,
					"fftv": 4.005779691393981
				},
				"order5": {
					"fftg": 1.0393946538526469,
					"fftv": 20.828064064070597
				},
				"order6": {
					"fftg": 0.6464825862833799,
					"fftv": 10.733250017159794
				},
				"order1": {
					"fftg": 0.3159125922763738,
					"fftv": 31.975911755283915
				},
				"order3": {
					"fftg": 0.07388796012556594,
					"fftv": 2.463388793020082
				},
				"bearing": "1",
				"temperature": 29.175050735473634,
				"rpm": 661.7800903320313
			}
		}
	},
	"deviceId": "SingleAxisSensorBearing1-X-Axis",
	"deviceType": "SingleAxisSensor",
	"eventType": "event",
	"format": "json",
	"_msgid": "2874660b.df7e4a"
}