{
	"topic": "iot-2/type/SingleAxisSensor/id/SingleAxisSensorBearing2-X-Axis/evt/event/fmt/json",
	"payload": {
		"SingleAxisSensorBearing1-X-Axis": {
			"d": {
				"order2": {
					"fftg": 0.01738978018259828,
					"fftv": 0.8755164753309158
				},
				"order7": {
					"fftg": 0.4521780362644452,
					"fftv": 6.461081254993724
				},
				"order8": {
					"fftg": 0.09579494252860456,
					"fftv": 1.2108506673632547
				},
				"axis": "X",
				"timestamp": 1583925060,
				"order4": {
					"fftg": 0.20691644223028556,
					"fftv": 5.176921357340106
				},
				"order5": {
					"fftg": 0.8646165703507949,
					"fftv": 17.347676007720695
				},
				"order6": {
					"fftg": 0.6253282402490112,
					"fftv": 10.382556479249676
				},
				"order1": {
					"fftg": 0.36811963727921317,
					"fftv": 37.26334760204769
				},
				"order3": {
					"fftg": 0.0721236256946672,
					"fftv": 2.407456355644219
				},
				"bearing": "1",
				"temperature": 29.175050735473634,
				"rpm": 661.2172241210938
			}
		},
		"SingleAxisSensorBearing1-Y-Axis": {
			"d": {
				"order2": {
					"fftg": 0.009256960337997996,
					"fftv": 0.4614548621214961
				},
				"order7": {
					"fftg": 0.10480849352140863,
					"fftv": 1.4852692669364208
				},
				"order8": {
					"fftg": 0.11310284048316072,
					"fftv": 1.424831412970481
				},
				"axis": "Y",
				"timestamp": 1583925060,
				"order4": {
					"fftg": 0.21119415229450737,
					"fftv": 5.295380478830082
				},
				"order5": {
					"fftg": 0.25153464846150339,
					"fftv": 5.045335694846745
				},
				"order6": {
					"fftg": 0.1306050982541037,
					"fftv": 2.1754625781958265
				},
				"order1": {
					"fftg": 0.536981692739985,
					"fftv": 54.35617580104557
				},
				"order3": {
					"fftg": 0.018854178712135993,
					"fftv": 0.6346784370238708
				},
				"bearing": "1",
				"temperature": 29.175050735473634,
				"rpm": 661.2172241210938
			}
		},
		"SingleAxisSensorBearing2-X-Axis": {
			"d": {
				"order2": {
					"fftg": 0.009063388987219059,
					"fftv": 0.4562083927719773
				},
				"order7": {
					"fftg": 0.45134812337228277,
					"fftv": 6.439552213725355
				},
				"order8": {
					"fftg": 0.13471924142235615,
					"fftv": 1.6992252889487652
				},
				"axis": "X",
				"timestamp": 1583925060,
				"order4": {
					"fftg": 0.15638570436080707,
					"fftv": 3.9154807055291296
				},
				"order5": {
					"fftg": 0.6098391053275055,
					"fftv": 12.232392933842912
				},
				"order6": {
					"fftg": 0.5657200514314525,
					"fftv": 9.366821965897798
				},
				"order1": {
					"fftg": 0.3336112824549085,
					"fftv": 33.76393651132321
				},
				"order3": {
					"fftg": 0.11883926856418306,
					"fftv": 3.8976482707339028
				},
				"bearing": "2",
				"temperature": 29.175050735473634,
				"rpm": 661.2172241210938
			}
		}
	},
	"deviceId": "SingleAxisSensorBearing2-X-Axis",
	"deviceType": "SingleAxisSensor",
	"eventType": "event",
	"format": "json",
	"_msgid": "b166d90f.cb1f38"
}