{
	"topic": "iot-2/type/SingleAxisSensor/id/SingleAxisSensorBearing2-X-Axis/evt/event/fmt/json",
	"payload": {
		"SingleAxisSensorBearing1-X-Axis": {
			"d": {
				"order2": {
					"fftg": 0.020750790908394189,
					"fftv": 1.030363058063623
				},
				"order7": {
					"fftg": 0.3959304035891085,
					"fftv": 5.668280598300214
				},
				"order8": {
					"fftg": 0.10461630375661685,
					"fftv": 1.400803806227049
				},
				"axis": "X",
				"timestamp": 1583925344,
				"order4": {
					"fftg": 0.18923727432902205,
					"fftv": 4.737569254290186
				},
				"order5": {
					"fftg": 0.951435838763187,
					"fftv": 19.0975240739813
				},
				"order6": {
					"fftg": 0.8076629690054845,
					"fftv": 13.401996753910938
				},
				"order1": {
					"fftg": 0.36207294039310519,
					"fftv": 36.64926795244107
				},
				"order3": {
					"fftg": 0.11509793698943202,
					"fftv": 3.829858395383858
				},
				"bearing": "1",
				"temperature": 29.150495529174806,
				"rpm": 659.5957336425781
			}
		},
		"SingleAxisSensorBearing1-Y-Axis": {
			"d": {
				"order2": {
					"fftg": 0.003704586596453237,
					"fftv": 0.19062487237977528
				},
				"order7": {
					"fftg": 0.12561310810532973,
					"fftv": 1.7659994457327056
				},
				"order8": {
					"fftg": 0.07465545844922973,
					"fftv": 1.0085337267501607
				},
				"axis": "Y",
				"timestamp": 1583925344,
				"order4": {
					"fftg": 0.20075473460565147,
					"fftv": 5.033121478384012
				},
				"order5": {
					"fftg": 0.2526938753933003,
					"fftv": 5.069146486720279
				},
				"order6": {
					"fftg": 0.1115363319839389,
					"fftv": 1.8619536841490876
				},
				"order1": {
					"fftg": 0.5272506878166977,
					"fftv": 53.36897816097946
				},
				"order3": {
					"fftg": 0.035472811244315987,
					"fftv": 1.1846817375915194
				},
				"bearing": "1",
				"temperature": 29.150495529174806,
				"rpm": 659.5957336425781
			}
		},
		"SingleAxisSensorBearing2-X-Axis": {
			"d": {
				"order2": {
					"fftg": 0.01664533930982501,
					"fftv": 0.8309584290548061
				},
				"order7": {
					"fftg": 0.4163107144368016,
					"fftv": 5.951764058267017
				},
				"order8": {
					"fftg": 0.09327243061604129,
					"fftv": 1.1997958580103394
				},
				"axis": "X",
				"timestamp": 1583925344,
				"order4": {
					"fftg": 0.15906453074112823,
					"fftv": 3.9814982350855958
				},
				"order5": {
					"fftg": 0.6388416950978616,
					"fftv": 12.824066293314595
				},
				"order6": {
					"fftg": 0.7252619880112856,
					"fftv": 12.008712247187248
				},
				"order1": {
					"fftg": 0.37206317639835309,
					"fftv": 37.65635808572226
				},
				"order3": {
					"fftg": 0.14270165911886469,
					"fftv": 4.6957713713866149
				},
				"bearing": "2",
				"temperature": 29.150495529174806,
				"rpm": 659.5957336425781
			}
		}
	},
	"deviceId": "SingleAxisSensorBearing2-X-Axis",
	"deviceType": "SingleAxisSensor",
	"eventType": "event",
	"format": "json",
	"_msgid": "8f59e0f9.0ca0e"
}