{
	"topic": "iot-2/type/SingleAxisSensor/id/SingleAxisSensorBearing2-X-Axis/evt/event/fmt/json",
	"payload": {
		"SingleAxisSensorBearing1-X-Axis": {
			"d": {
				"order2": {
					"fftg": 0.025892354790374013,
					"fftv": 1.299317469947471
				},
				"order7": {
					"fftg": 0.6261698316410221,
					"fftv": 8.992756194449014
				},
				"order8": {
					"fftg": 0.12429723673281829,
					"fftv": 1.6579842925163853
				},
				"axis": "X",
				"timestamp": 1583925415,
				"order4": {
					"fftg": 0.1732818107270228,
					"fftv": 4.358936399578887
				},
				"order5": {
					"fftg": 0.9977293408917882,
					"fftv": 20.06861878159957
				},
				"order6": {
					"fftg": 0.7323527943674112,
					"fftv": 12.202177014532487
				},
				"order1": {
					"fftg": 0.302996350907027,
					"fftv": 30.666735350356214
				},
				"order3": {
					"fftg": 0.08747252437020849,
					"fftv": 2.907970917359928
				},
				"bearing": "1",
				"temperature": 29.19960594177246,
				"rpm": 659.7208251953125
			}
		},
		"SingleAxisSensorBearing1-Y-Axis": {
			"d": {
				"order2": {
					"fftg": 0.008175161642511085,
					"fftv": 0.4118437122959087
				},
				"order7": {
					"fftg": 0.20363763637295569,
					"fftv": 2.9034850481572285
				},
				"order8": {
					"fftg": 0.09273741561787988,
					"fftv": 1.1925392699761393
				},
				"axis": "Y",
				"timestamp": 1583925415,
				"order4": {
					"fftg": 0.17853523839342085,
					"fftv": 4.488862521067477
				},
				"order5": {
					"fftg": 0.2593552689256609,
					"fftv": 5.214379164772163
				},
				"order6": {
					"fftg": 0.09349782707497893,
					"fftv": 1.5678292299694395
				},
				"order1": {
					"fftg": 0.45496721731046926,
					"fftv": 46.04844182133821
				},
				"order3": {
					"fftg": 0.015350731999413647,
					"fftv": 0.5143503246261763
				},
				"bearing": "1",
				"temperature": 29.19960594177246,
				"rpm": 659.7208251953125
			}
		},
		"SingleAxisSensorBearing2-X-Axis": {
			"d": {
				"order2": {
					"fftg": 0.0077664039295066949,
					"fftv": 0.3906017357324307
				},
				"order7": {
					"fftg": 0.5539559684767029,
					"fftv": 7.95430273035596
				},
				"order8": {
					"fftg": 0.20934988660606455,
					"fftv": 2.706839406061824
				},
				"axis": "X",
				"timestamp": 1583925415,
				"order4": {
					"fftg": 0.14410588953477539,
					"fftv": 3.626343103811553
				},
				"order5": {
					"fftg": 0.6640685943440257,
					"fftv": 13.363554555786969
				},
				"order6": {
					"fftg": 0.6529346948188193,
					"fftv": 10.854852181859148
				},
				"order1": {
					"fftg": 0.2718520674769022,
					"fftv": 27.50941695624726
				},
				"order3": {
					"fftg": 0.10635814388605294,
					"fftv": 3.499981368036965
				},
				"bearing": "2",
				"temperature": 29.19960594177246,
				"rpm": 659.7208251953125
			}
		}
	},
	"deviceId": "SingleAxisSensorBearing2-X-Axis",
	"deviceType": "SingleAxisSensor",
	"eventType": "event",
	"format": "json",
	"_msgid": "acd0a2b7.d23d7"
}