{
	"topic": "iot-2/type/SingleAxisSensor/id/SingleAxisSensorBearing2-X-Axis/evt/event/fmt/json",
	"payload": {
		"SingleAxisSensorBearing1-X-Axis": {
			"d": {
				"order2": {
					"fftg": 0.02199560967467855,
					"fftv": 1.10967256189935
				},
				"order7": {
					"fftg": 0.6326572247851159,
					"fftv": 9.07053061461532
				},
				"order8": {
					"fftg": 0.08123756626304661,
					"fftv": 1.060391934248423
				},
				"axis": "X",
				"timestamp": 1583925557,
				"order4": {
					"fftg": 0.15345363300652332,
					"fftv": 3.856045314353825
				},
				"order5": {
					"fftg": 1.0367964278177058,
					"fftv": 20.849157851504648
				},
				"order6": {
					"fftg": 0.8575802578609687,
					"fftv": 14.284313841784297
				},
				"order1": {
					"fftg": 0.2923979690302861,
					"fftv": 29.593874653087874
				},
				"order3": {
					"fftg": 0.09462466805369245,
					"fftv": 3.1627943734007184
				},
				"bearing": "1",
				"temperature": 29.150495529174806,
				"rpm": 659.8470764160156
			}
		},
		"SingleAxisSensorBearing1-Y-Axis": {
			"d": {
				"order2": {
					"fftg": 0.007723487559016134,
					"fftv": 0.388883879631001
				},
				"order7": {
					"fftg": 0.11496470876669561,
					"fftv": 1.6307576900715087
				},
				"order8": {
					"fftg": 0.10706246243589117,
					"fftv": 1.3528327474765543
				},
				"axis": "Y",
				"timestamp": 1583925557,
				"order4": {
					"fftg": 0.1852537218311896,
					"fftv": 4.657077316602634
				},
				"order5": {
					"fftg": 0.26688058784514348,
					"fftv": 5.3629577262220569
				},
				"order6": {
					"fftg": 0.12515706404372457,
					"fftv": 2.091247033261186
				},
				"order1": {
					"fftg": 0.43526960413591456,
					"fftv": 44.05437432592962
				},
				"order3": {
					"fftg": 0.021745841486042345,
					"fftv": 0.7326384031783871
				},
				"bearing": "1",
				"temperature": 29.150495529174806,
				"rpm": 659.8470764160156
			}
		},
		"SingleAxisSensorBearing2-X-Axis": {
			"d": {
				"order2": {
					"fftg": 0.007566775260295982,
					"fftv": 0.3853427154935587
				},
				"order7": {
					"fftg": 0.6580979409047163,
					"fftv": 9.421770132377258
				},
				"order8": {
					"fftg": 0.1441784628071337,
					"fftv": 1.8163181910952156
				},
				"axis": "X",
				"timestamp": 1583925557,
				"order4": {
					"fftg": 0.11920872489142788,
					"fftv": 2.998302316705672
				},
				"order5": {
					"fftg": 0.701982873353505,
					"fftv": 14.119098429809233
				},
				"order6": {
					"fftg": 0.7736803825733326,
					"fftv": 12.870606768481862
				},
				"order1": {
					"fftg": 0.26029561048366958,
					"fftv": 26.34035225073739
				},
				"order3": {
					"fftg": 0.10494216491349788,
					"fftv": 3.4592760328945006
				},
				"bearing": "2",
				"temperature": 29.150495529174806,
				"rpm": 659.8470764160156
			}
		}
	},
	"deviceId": "SingleAxisSensorBearing2-X-Axis",
	"deviceType": "SingleAxisSensor",
	"eventType": "event",
	"format": "json",
	"_msgid": "ac7ed5d1.66da98"
}