{
	"topic": "iot-2/type/SingleAxisSensor/id/SingleAxisSensorBearing2-X-Axis/evt/event/fmt/json",
	"payload": {
		"SingleAxisSensorBearing1-X-Axis": {
			"d": {
				"order2": {
					"fftg": 0.007193714904206881,
					"fftv": 0.362218662970454
				},
				"order7": {
					"fftg": 0.6850944942357442,
					"fftv": 9.807422398801963
				},
				"order8": {
					"fftg": 0.09476965631351583,
					"fftv": 1.2182401655851403
				},
				"axis": "X",
				"timestamp": 1583925699,
				"order4": {
					"fftg": 0.14019526862490684,
					"fftv": 3.5299979728301298
				},
				"order5": {
					"fftg": 1.1269078688986423,
					"fftv": 22.64876123028447
				},
				"order6": {
					"fftg": 0.5908119338128418,
					"fftv": 9.852947921068493
				},
				"order1": {
					"fftg": 0.31227752670872185,
					"fftv": 31.605504534044415
				},
				"order3": {
					"fftg": 0.11213454341731177,
					"fftv": 3.728610491298187
				},
				"bearing": "1",
				"temperature": 29.346967697143556,
				"rpm": 659.6000671386719
			}
		},
		"SingleAxisSensorBearing1-Y-Axis": {
			"d": {
				"order2": {
					"fftg": 0.00612331504715558,
					"fftv": 0.30857415026597925
				},
				"order7": {
					"fftg": 0.2410085185234715,
					"fftv": 3.4254165655016375
				},
				"order8": {
					"fftg": 0.15111512882250675,
					"fftv": 1.907804885560897
				},
				"axis": "Y",
				"timestamp": 1583925699,
				"order4": {
					"fftg": 0.19443365241299769,
					"fftv": 4.885651699706628
				},
				"order5": {
					"fftg": 0.2704403696593966,
					"fftv": 5.439245660382014
				},
				"order6": {
					"fftg": 0.10008611503402623,
					"fftv": 1.6773182944176129
				},
				"order1": {
					"fftg": 0.4667067070871339,
					"fftv": 47.23579445635348
				},
				"order3": {
					"fftg": 0.033364381846727107,
					"fftv": 1.1071037447516817
				},
				"bearing": "1",
				"temperature": 29.346967697143556,
				"rpm": 659.6000671386719
			}
		},
		"SingleAxisSensorBearing2-X-Axis": {
			"d": {
				"order2": {
					"fftg": 0.006597322766715429,
					"fftv": 0.3373407509298606
				},
				"order7": {
					"fftg": 0.5506267869841826,
					"fftv": 7.8990604043101328
				},
				"order8": {
					"fftg": 0.21111143587162516,
					"fftv": 2.657206988887895
				},
				"axis": "X",
				"timestamp": 1583925699,
				"order4": {
					"fftg": 0.11980676887875745,
					"fftv": 3.016233074172175
				},
				"order5": {
					"fftg": 0.754121374403975,
					"fftv": 15.160534407812842
				},
				"order6": {
					"fftg": 0.5168380609166324,
					"fftv": 8.57127259304785
				},
				"order1": {
					"fftg": 0.3074996598396732,
					"fftv": 31.119239132752008
				},
				"order3": {
					"fftg": 0.14713376631774678,
					"fftv": 4.85850009395816
				},
				"bearing": "2",
				"temperature": 29.346967697143556,
				"rpm": 659.6000671386719
			}
		}
	},
	"deviceId": "SingleAxisSensorBearing2-X-Axis",
	"deviceType": "SingleAxisSensor",
	"eventType": "event",
	"format": "json",
	"_msgid": "c282f172.dd276"
}