{
	"topic": "iot-2/type/SingleAxisSensor/id/SingleAxisSensorBearing2-X-Axis/evt/event/fmt/json",
	"payload": {
		"SingleAxisSensorBearing1-X-Axis": {
			"d": {
				"order2": {
					"fftg": 0.02080276353547499,
					"fftv": 1.0313444502896892
				},
				"order7": {
					"fftg": 0.3275259890481796,
					"fftv": 4.683856882009726
				},
				"order8": {
					"fftg": 0.09857692335621944,
					"fftv": 1.3075628091727252
				},
				"axis": "X",
				"timestamp": 1583924632,
				"order4": {
					"fftg": 0.18078029128078663,
					"fftv": 4.535205879618966
				},
				"order5": {
					"fftg": 0.8780145658402603,
					"fftv": 17.606804600835458
				},
				"order6": {
					"fftg": 0.6741115680890673,
					"fftv": 11.195451863722515
				},
				"order1": {
					"fftg": 0.37606653935351316,
					"fftv": 38.06750051126328
				},
				"order3": {
					"fftg": 0.03807594935570299,
					"fftv": 1.2774553427928486
				},
				"bearing": "1",
				"temperature": 29.445186614990236,
				"rpm": 661.7927856445313
			}
		},
		"SingleAxisSensorBearing1-Y-Axis": {
			"d": {
				"order2": {
					"fftg": 0.005072383840592991,
					"fftv": 0.2551164856973444
				},
				"order7": {
					"fftg": 0.15383953564438639,
					"fftv": 2.1714097859868355
				},
				"order8": {
					"fftg": 0.10082429650110618,
					"fftv": 1.2999286147823839
				},
				"axis": "Y",
				"timestamp": 1583924632,
				"order4": {
					"fftg": 0.20737577955714829,
					"fftv": 5.1946111731632389
				},
				"order5": {
					"fftg": 0.247948261920345,
					"fftv": 4.972803022620205
				},
				"order6": {
					"fftg": 0.06357991252683225,
					"fftv": 1.062577918307515
				},
				"order1": {
					"fftg": 0.5457685645816839,
					"fftv": 55.2451255267804
				},
				"order3": {
					"fftg": 0.030032975610187704,
					"fftv": 0.9964794435499862
				},
				"bearing": "1",
				"temperature": 29.445186614990236,
				"rpm": 661.7927856445313
			}
		},
		"SingleAxisSensorBearing2-X-Axis": {
			"d": {
				"order2": {
					"fftg": 0.013389877420026127,
					"fftv": 0.6655734407093625
				},
				"order7": {
					"fftg": 0.34106440472937796,
					"fftv": 4.8755232179933769
				},
				"order8": {
					"fftg": 0.1839068200456528,
					"fftv": 2.3566978294708407
				},
				"axis": "X",
				"timestamp": 1583924632,
				"order4": {
					"fftg": 0.15157075048802555,
					"fftv": 3.803040185999295
				},
				"order5": {
					"fftg": 0.589342168276433,
					"fftv": 11.82204621615729
				},
				"order6": {
					"fftg": 0.6242742436685084,
					"fftv": 10.342563929815326
				},
				"order1": {
					"fftg": 0.36610779984054128,
					"fftv": 37.053128574694337
				},
				"order3": {
					"fftg": 0.12460336740107055,
					"fftv": 4.077698290832743
				},
				"bearing": "2",
				"temperature": 29.445186614990236,
				"rpm": 661.7927856445313
			}
		}
	},
	"deviceId": "SingleAxisSensorBearing2-X-Axis",
	"deviceType": "SingleAxisSensor",
	"eventType": "event",
	"format": "json",
	"_msgid": "a9a1db0f.87dd38"
}