{
	"topic": "iot-2/type/SingleAxisSensor/id/SingleAxisSensorBearing2-X-Axis/evt/event/fmt/json",
	"payload": {
		"SingleAxisSensorBearing1-X-Axis": {
			"d": {
				"order2": {
					"fftg": 0.022109567030218079,
					"fftv": 1.107370846980213
				},
				"order7": {
					"fftg": 0.501544134039082,
					"fftv": 7.1923617396916159
				},
				"order8": {
					"fftg": 0.09536879118881699,
					"fftv": 1.2433490003027124
				},
				"axis": "X",
				"timestamp": 1583925912,
				"order4": {
					"fftg": 0.19653213420128277,
					"fftv": 4.944716394451278
				},
				"order5": {
					"fftg": 0.9050728045564415,
					"fftv": 18.19426679110437
				},
				"order6": {
					"fftg": 0.7039465145190631,
					"fftv": 11.713589176311622
				},
				"order1": {
					"fftg": 0.33683125527120669,
					"fftv": 34.09506946759687
				},
				"order3": {
					"fftg": 0.09762384175197604,
					"fftv": 3.2510635901123026
				},
				"bearing": "1",
				"temperature": 29.175050735473634,
				"rpm": 659.6878967285156
			}
		},
		"SingleAxisSensorBearing1-Y-Axis": {
			"d": {
				"order2": {
					"fftg": 0.0076482592759575559,
					"fftv": 0.387243142027245
				},
				"order7": {
					"fftg": 0.13088409490811976,
					"fftv": 1.8500737994536616
				},
				"order8": {
					"fftg": 0.09769452888252033,
					"fftv": 1.2527208427966572
				},
				"axis": "Y",
				"timestamp": 1583925912,
				"order4": {
					"fftg": 0.20633789806322368,
					"fftv": 5.1757067202066289
				},
				"order5": {
					"fftg": 0.24844915564937804,
					"fftv": 4.995104166294391
				},
				"order6": {
					"fftg": 0.10697381553091653,
					"fftv": 1.7863563125150522
				},
				"order1": {
					"fftg": 0.49347913285401925,
					"fftv": 49.95077051654986
				},
				"order3": {
					"fftg": 0.04607985312089712,
					"fftv": 1.5330799468948658
				},
				"bearing": "1",
				"temperature": 29.175050735473634,
				"rpm": 659.6878967285156
			}
		},
		"SingleAxisSensorBearing2-X-Axis": {
			"d": {
				"order2": {
					"fftg": 0.014494968983278477,
					"fftv": 0.7271667657756944
				},
				"order7": {
					"fftg": 0.5780534264391013,
					"fftv": 8.271838165874174
				},
				"order8": {
					"fftg": 0.10118057505045256,
					"fftv": 1.299778025720297
				},
				"axis": "X",
				"timestamp": 1583925912,
				"order4": {
					"fftg": 0.13310623542189368,
					"fftv": 3.3517933683990308
				},
				"order5": {
					"fftg": 0.6243892249405578,
					"fftv": 12.551043770262892
				},
				"order6": {
					"fftg": 0.6400149613412515,
					"fftv": 10.636802532005416
				},
				"order1": {
					"fftg": 0.2598282912341656,
					"fftv": 26.29284225411215
				},
				"order3": {
					"fftg": 0.13335743615056998,
					"fftv": 4.380061954829879
				},
				"bearing": "2",
				"temperature": 29.175050735473634,
				"rpm": 659.6878967285156
			}
		}
	},
	"deviceId": "SingleAxisSensorBearing2-X-Axis",
	"deviceType": "SingleAxisSensor",
	"eventType": "event",
	"format": "json",
	"_msgid": "4ffc1674.cd24b8"
}