{
	"topic": "iot-2/type/SingleAxisSensor/id/SingleAxisSensorBearing2-X-Axis/evt/event/fmt/json",
	"payload": {
		"SingleAxisSensorBearing1-X-Axis": {
			"d": {
				"order2": {
					"fftg": 0.013788689844067875,
					"fftv": 0.6824984577511785
				},
				"order7": {
					"fftg": 0.5703842275368601,
					"fftv": 8.172137423240038
				},
				"order8": {
					"fftg": 0.12516708180423917,
					"fftv": 1.6456628936131915
				},
				"axis": "X",
				"timestamp": 1583925983,
				"order4": {
					"fftg": 0.19468212733422508,
					"fftv": 4.897971839350445
				},
				"order5": {
					"fftg": 1.0469275979235473,
					"fftv": 21.032651331727306
				},
				"order6": {
					"fftg": 0.8673327533036546,
					"fftv": 14.439074382347469
				},
				"order1": {
					"fftg": 0.3411205743302172,
					"fftv": 34.5255649181294
				},
				"order3": {
					"fftg": 0.03519839677282832,
					"fftv": 1.1783192273833903
				},
				"bearing": "1",
				"temperature": 29.12594223022461,
				"rpm": 659.6059875488281
			}
		},
		"SingleAxisSensorBearing1-Y-Axis": {
			"d": {
				"order2": {
					"fftg": 0.003528099129499174,
					"fftv": 0.18187103236318048
				},
				"order7": {
					"fftg": 0.11218471070083597,
					"fftv": 1.5863792765322989
				},
				"order8": {
					"fftg": 0.18130830954840447,
					"fftv": 2.2892897403862095
				},
				"axis": "Y",
				"timestamp": 1583925983,
				"order4": {
					"fftg": 0.19687204710288917,
					"fftv": 4.9460630723985139
				},
				"order5": {
					"fftg": 0.2562786968979115,
					"fftv": 5.154704482148124
				},
				"order6": {
					"fftg": 0.1018751489084071,
					"fftv": 1.7023523822030653
				},
				"order1": {
					"fftg": 0.5004932216507426,
					"fftv": 50.65600037848963
				},
				"order3": {
					"fftg": 0.018842666273521128,
					"fftv": 0.6253868858766992
				},
				"bearing": "1",
				"temperature": 29.12594223022461,
				"rpm": 659.6059875488281
			}
		},
		"SingleAxisSensorBearing2-X-Axis": {
			"d": {
				"order2": {
					"fftg": 0.01492799525923952,
					"fftv": 0.7501066472961229
				},
				"order7": {
					"fftg": 0.6085724900572027,
					"fftv": 8.715110571409215
				},
				"order8": {
					"fftg": 0.21562847358128413,
					"fftv": 2.7334275028800505
				},
				"axis": "X",
				"timestamp": 1583925983,
				"order4": {
					"fftg": 0.14397219665375558,
					"fftv": 3.621117874032201
				},
				"order5": {
					"fftg": 0.7056464087490514,
					"fftv": 14.17445576762564
				},
				"order6": {
					"fftg": 0.7731374039534525,
					"fftv": 12.853015036190737
				},
				"order1": {
					"fftg": 0.3532416661337025,
					"fftv": 35.749272449262438
				},
				"order3": {
					"fftg": 0.11694262693026482,
					"fftv": 3.8268885075471039
				},
				"bearing": "2",
				"temperature": 29.12594223022461,
				"rpm": 659.6059875488281
			}
		}
	},
	"deviceId": "SingleAxisSensorBearing2-X-Axis",
	"deviceType": "SingleAxisSensor",
	"eventType": "event",
	"format": "json",
	"_msgid": "12f15751.5556a9"
}