{
	"topic": "iot-2/type/SingleAxisSensor/id/SingleAxisSensorBearing2-X-Axis/evt/event/fmt/json",
	"payload": {
		"SingleAxisSensorBearing1-X-Axis": {
			"d": {
				"order2": {
					"fftg": 0.008588107882987818,
					"fftv": 0.43771567855922685
				},
				"order7": {
					"fftg": 0.44798251081746628,
					"fftv": 6.413759171592376
				},
				"order8": {
					"fftg": 0.16673369745295939,
					"fftv": 2.170341321337065
				},
				"axis": "X",
				"timestamp": 1583924775,
				"order4": {
					"fftg": 0.12797676239499243,
					"fftv": 3.2093174393877526
				},
				"order5": {
					"fftg": 1.0746939632187172,
					"fftv": 21.511645173899596
				},
				"order6": {
					"fftg": 0.7928134811459182,
					"fftv": 13.125272467960276
				},
				"order1": {
					"fftg": 0.3066496459133377,
					"fftv": 31.03852604461349
				},
				"order3": {
					"fftg": 0.09212791303841978,
					"fftv": 3.054661116900342
				},
				"bearing": "1",
				"temperature": 29.38378143310547,
				"rpm": 661.399169921875
			}
		},
		"SingleAxisSensorBearing1-Y-Axis": {
			"d": {
				"order2": {
					"fftg": 0.003226417588768972,
					"fftv": 0.16995735452526207
				},
				"order7": {
					"fftg": 0.18947894001198424,
					"fftv": 2.68565068377209
				},
				"order8": {
					"fftg": 0.1630099599426271,
					"fftv": 2.067589663900493
				},
				"axis": "Y",
				"timestamp": 1583924775,
				"order4": {
					"fftg": 0.22497747134088248,
					"fftv": 5.6316803346052979
				},
				"order5": {
					"fftg": 0.26785935585015338,
					"fftv": 5.366883678682017
				},
				"order6": {
					"fftg": 0.09013458499498088,
					"fftv": 1.5044538826777774
				},
				"order1": {
					"fftg": 0.4524989435957654,
					"fftv": 45.801723635274488
				},
				"order3": {
					"fftg": 0.021774633659572264,
					"fftv": 0.7291233270901207
				},
				"bearing": "1",
				"temperature": 29.38378143310547,
				"rpm": 661.399169921875
			}
		},
		"SingleAxisSensorBearing2-X-Axis": {
			"d": {
				"order2": {
					"fftg": 0.011959291607226327,
					"fftv": 0.5972938565269222
				},
				"order7": {
					"fftg": 0.3682942618809197,
					"fftv": 5.267621293503442
				},
				"order8": {
					"fftg": 0.239188774427848,
					"fftv": 3.0417416712088425
				},
				"axis": "X",
				"timestamp": 1583924775,
				"order4": {
					"fftg": 0.10936316259533963,
					"fftv": 2.745068442063982
				},
				"order5": {
					"fftg": 0.7085551728149794,
					"fftv": 14.191752491156083
				},
				"order6": {
					"fftg": 0.7343883208297009,
					"fftv": 12.129503250783367
				},
				"order1": {
					"fftg": 0.28827507423024686,
					"fftv": 29.175402099920146
				},
				"order3": {
					"fftg": 0.11116778430863135,
					"fftv": 3.6414491355236229
				},
				"bearing": "2",
				"temperature": 29.38378143310547,
				"rpm": 661.399169921875
			}
		}
	},
	"deviceId": "SingleAxisSensorBearing2-X-Axis",
	"deviceType": "SingleAxisSensor",
	"eventType": "event",
	"format": "json",
	"_msgid": "35b0f338.c49dfc"
}