{
	"topic": "iot-2/type/SingleAxisSensor/id/SingleAxisSensorBearing2-X-Axis/evt/event/fmt/json",
	"payload": {
		"SingleAxisSensorBearing1-X-Axis": {
			"d": {
				"order2": {
					"fftg": 0.026153037234683347,
					"fftv": 1.3067807968597277
				},
				"order7": {
					"fftg": 0.5038146691072529,
					"fftv": 7.199605161897242
				},
				"order8": {
					"fftg": 0.18913404547710947,
					"fftv": 2.5010958993080969
				},
				"axis": "X",
				"timestamp": 1583924846,
				"order4": {
					"fftg": 0.16714384287203158,
					"fftv": 4.200950687336692
				},
				"order5": {
					"fftg": 0.930419973419948,
					"fftv": 18.650253994992274
				},
				"order6": {
					"fftg": 0.7582603076066604,
					"fftv": 12.576617959766726
				},
				"order1": {
					"fftg": 0.3259003748358341,
					"fftv": 32.98953871712598
				},
				"order3": {
					"fftg": 0.07753045358967782,
					"fftv": 2.5793598681058325
				},
				"bearing": "1",
				"temperature": 29.175050735473634,
				"rpm": 661.2876892089844
			}
		},
		"SingleAxisSensorBearing1-Y-Axis": {
			"d": {
				"order2": {
					"fftg": 0.0072524659041307789,
					"fftv": 0.36765321980267537
				},
				"order7": {
					"fftg": 0.15640686219599518,
					"fftv": 2.1981216589430239
				},
				"order8": {
					"fftg": 0.18655950213098394,
					"fftv": 2.3796061153047964
				},
				"axis": "Y",
				"timestamp": 1583924846,
				"order4": {
					"fftg": 0.20525226621801577,
					"fftv": 5.1399090101112299
				},
				"order5": {
					"fftg": 0.26250001371146267,
					"fftv": 5.2602979520295058
				},
				"order6": {
					"fftg": 0.10242247276309896,
					"fftv": 1.7110319800047758
				},
				"order1": {
					"fftg": 0.4782472973347797,
					"fftv": 48.41069087491053
				},
				"order3": {
					"fftg": 0.03160094568858759,
					"fftv": 1.0479486799935905
				},
				"bearing": "1",
				"temperature": 29.175050735473634,
				"rpm": 661.2876892089844
			}
		},
		"SingleAxisSensorBearing2-X-Axis": {
			"d": {
				"order2": {
					"fftg": 0.015412159692483137,
					"fftv": 0.7692560322923193
				},
				"order7": {
					"fftg": 0.5902736173247237,
					"fftv": 8.417670382201605
				},
				"order8": {
					"fftg": 0.2112319156325562,
					"fftv": 2.7612705422908729
				},
				"axis": "X",
				"timestamp": 1583924846,
				"order4": {
					"fftg": 0.1253879624989766,
					"fftv": 3.1500617244530098
				},
				"order5": {
					"fftg": 0.6459707731458091,
					"fftv": 12.953013340192668
				},
				"order6": {
					"fftg": 0.6787592536947023,
					"fftv": 11.238874974932078
				},
				"order1": {
					"fftg": 0.24516625515122479,
					"fftv": 24.809380046120677
				},
				"order3": {
					"fftg": 0.11833217118648126,
					"fftv": 3.8610689143747964
				},
				"bearing": "2",
				"temperature": 29.175050735473634,
				"rpm": 661.2876892089844
			}
		}
	},
	"deviceId": "SingleAxisSensorBearing2-X-Axis",
	"deviceType": "SingleAxisSensor",
	"eventType": "event",
	"format": "json",
	"_msgid": "4e0d1a06.ee5744"
}