{
	"topic": "iot-2/type/SingleAxisSensor/id/SingleAxisSensorBearing2-X-Axis/evt/event/fmt/json",
	"payload": {
		"SingleAxisSensorBearing1-X-Axis": {
			"d": {
				"order2": {
					"fftg": 0.024257762468446077,
					"fftv": 1.2166548587341935
				},
				"order7": {
					"fftg": 0.5728133087639761,
					"fftv": 8.205415036718847
				},
				"order8": {
					"fftg": 0.146288267061952,
					"fftv": 1.928323278409713
				},
				"axis": "X",
				"timestamp": 1583924918,
				"order4": {
					"fftg": 0.18306509197306873,
					"fftv": 4.589894839397305
				},
				"order5": {
					"fftg": 0.8643428013499401,
					"fftv": 17.338228891433397
				},
				"order6": {
					"fftg": 0.720631505733364,
					"fftv": 11.959242983888917
				},
				"order1": {
					"fftg": 0.3474272213732546,
					"fftv": 35.16893792434257
				},
				"order3": {
					"fftg": 0.06170318230939817,
					"fftv": 2.06947889264542
				},
				"bearing": "1",
				"temperature": 29.359228134155275,
				"rpm": 661.3826293945313
			}
		},
		"SingleAxisSensorBearing1-Y-Axis": {
			"d": {
				"order2": {
					"fftg": 0.01036175907051129,
					"fftv": 0.5208243466632356
				},
				"order7": {
					"fftg": 0.17327803540690646,
					"fftv": 2.45181266485545
				},
				"order8": {
					"fftg": 0.12652591299132127,
					"fftv": 1.6038929567040255
				},
				"axis": "Y",
				"timestamp": 1583924918,
				"order4": {
					"fftg": 0.20709040399931198,
					"fftv": 5.186114497341425
				},
				"order5": {
					"fftg": 0.2529682389098219,
					"fftv": 5.075911805668567
				},
				"order6": {
					"fftg": 0.09418635871170413,
					"fftv": 1.5766571294707275
				},
				"order1": {
					"fftg": 0.5092766367908549,
					"fftv": 51.552418810750399
				},
				"order3": {
					"fftg": 0.03342178308814657,
					"fftv": 1.115657325119866
				},
				"bearing": "1",
				"temperature": 29.359228134155275,
				"rpm": 661.3826293945313
			}
		},
		"SingleAxisSensorBearing2-X-Axis": {
			"d": {
				"order2": {
					"fftg": 0.016885585700525279,
					"fftv": 0.8416890710483043
				},
				"order7": {
					"fftg": 0.5199609557429165,
					"fftv": 7.465631409301384
				},
				"order8": {
					"fftg": 0.15826301238228025,
					"fftv": 2.04210745445488
				},
				"axis": "X",
				"timestamp": 1583924918,
				"order4": {
					"fftg": 0.13444314021414267,
					"fftv": 3.37394241418998
				},
				"order5": {
					"fftg": 0.5949287208234698,
					"fftv": 11.93971480127209
				},
				"order6": {
					"fftg": 0.6688907061535688,
					"fftv": 11.071440779792195
				},
				"order1": {
					"fftg": 0.2756029220604031,
					"fftv": 27.89051022041378
				},
				"order3": {
					"fftg": 0.10278963162007415,
					"fftv": 3.366665178062999
				},
				"bearing": "2",
				"temperature": 29.359228134155275,
				"rpm": 661.3826293945313
			}
		}
	},
	"deviceId": "SingleAxisSensorBearing2-X-Axis",
	"deviceType": "SingleAxisSensor",
	"eventType": "event",
	"format": "json",
	"_msgid": "c844062f.1b0af8"
}