{
	"topic": "iot-2/type/SingleAxisSensor/id/SingleAxisSensorBearing2-X-Axis/evt/event/fmt/json",
	"payload": {
		"SingleAxisSensorBearing1-X-Axis": {
			"d": {
				"order2": {
					"fftg": 0.010550095723634077,
					"fftv": 0.5342481595048882
				},
				"order7": {
					"fftg": 0.6901402766393594,
					"fftv": 9.842532139233875
				},
				"order8": {
					"fftg": 0.13193505636560386,
					"fftv": 1.681690512776157
				},
				"axis": "X",
				"timestamp": 1583924989,
				"order4": {
					"fftg": 0.21288624599220355,
					"fftv": 5.330875985070988
				},
				"order5": {
					"fftg": 0.9129723652542068,
					"fftv": 18.29636307105738
				},
				"order6": {
					"fftg": 0.4640487408413104,
					"fftv": 7.719946566550474
				},
				"order1": {
					"fftg": 0.3661036329664108,
					"fftv": 37.06015512514842
				},
				"order3": {
					"fftg": 0.060408201610214328,
					"fftv": 2.0213872686386527
				},
				"bearing": "1",
				"temperature": 29.21190071105957,
				"rpm": 661.1730651855469
			}
		},
		"SingleAxisSensorBearing1-Y-Axis": {
			"d": {
				"order2": {
					"fftg": 0.00569948892545389,
					"fftv": 0.2908527438609114
				},
				"order7": {
					"fftg": 0.20394259187483644,
					"fftv": 2.885257495061521
				},
				"order8": {
					"fftg": 0.1589809496772565,
					"fftv": 2.0048016483185027
				},
				"axis": "Y",
				"timestamp": 1583924989,
				"order4": {
					"fftg": 0.20895505073424909,
					"fftv": 5.242482541837715
				},
				"order5": {
					"fftg": 0.2607198238649634,
					"fftv": 5.224903080535256
				},
				"order6": {
					"fftg": 0.11187618570575558,
					"fftv": 1.8622137016272782
				},
				"order1": {
					"fftg": 0.5350747627715796,
					"fftv": 54.164416969515
				},
				"order3": {
					"fftg": 0.015604735973300142,
					"fftv": 0.5208030159644582
				},
				"bearing": "1",
				"temperature": 29.21190071105957,
				"rpm": 661.1730651855469
			}
		},
		"SingleAxisSensorBearing2-X-Axis": {
			"d": {
				"order2": {
					"fftg": 0.015986312857380209,
					"fftv": 0.7983349754058913
				},
				"order7": {
					"fftg": 0.586062110128529,
					"fftv": 8.379908334189056
				},
				"order8": {
					"fftg": 0.19300213420677812,
					"fftv": 2.44033720078732
				},
				"axis": "X",
				"timestamp": 1583924989,
				"order4": {
					"fftg": 0.14358458580889559,
					"fftv": 3.600732552267655
				},
				"order5": {
					"fftg": 0.6436810573796393,
					"fftv": 12.90209382861559
				},
				"order6": {
					"fftg": 0.4031511505037265,
					"fftv": 6.667613233126185
				},
				"order1": {
					"fftg": 0.3121029138544207,
					"fftv": 31.586516037433414
				},
				"order3": {
					"fftg": 0.09505389134573808,
					"fftv": 3.1176939732188297
				},
				"bearing": "2",
				"temperature": 29.21190071105957,
				"rpm": 661.1730651855469
			}
		}
	},
	"deviceId": "SingleAxisSensorBearing2-X-Axis",
	"deviceType": "SingleAxisSensor",
	"eventType": "event",
	"format": "json",
	"_msgid": "5bc1a880.985708"
}