{
	"topic": "iot-2/type/SingleAxisSensor/id/SingleAxisSensorBearing2-X-Axis/evt/event/fmt/json",
	"payload": {
		"SingleAxisSensorBearing1-X-Axis": {
			"d": {
				"order2": {
					"fftg": 0.01204987004121028,
					"fftv": 0.6055223077529429
				},
				"order7": {
					"fftg": 0.4462128461431663,
					"fftv": 6.379383174637867
				},
				"order8": {
					"fftg": 0.14330208150104557,
					"fftv": 1.9100380935202206
				},
				"axis": "X",
				"timestamp": 1583925131,
				"order4": {
					"fftg": 0.2275128449111416,
					"fftv": 5.6968895232547969
				},
				"order5": {
					"fftg": 0.9377556928694142,
					"fftv": 18.80237624086336
				},
				"order6": {
					"fftg": 0.686476373626448,
					"fftv": 11.398827035661656
				},
				"order1": {
					"fftg": 0.3651999012299962,
					"fftv": 36.96705638908869
				},
				"order3": {
					"fftg": 0.10263968148187917,
					"fftv": 3.414487111875702
				},
				"bearing": "1",
				"temperature": 29.187345504760743,
				"rpm": 661.454345703125
			}
		},
		"SingleAxisSensorBearing1-Y-Axis": {
			"d": {
				"order2": {
					"fftg": 0.00705145528607901,
					"fftv": 0.35135840213616095
				},
				"order7": {
					"fftg": 0.14394186652931344,
					"fftv": 2.0309539504863358
				},
				"order8": {
					"fftg": 0.12641649281835344,
					"fftv": 1.6331213225988959
				},
				"axis": "Y",
				"timestamp": 1583925131,
				"order4": {
					"fftg": 0.1949137272152159,
					"fftv": 4.8866932326028789
				},
				"order5": {
					"fftg": 0.25518064471060317,
					"fftv": 5.117541475207136
				},
				"order6": {
					"fftg": 0.1082677866420975,
					"fftv": 1.8086907505513177
				},
				"order1": {
					"fftg": 0.5294860055251709,
					"fftv": 53.59657831894378
				},
				"order3": {
					"fftg": 0.02041380487321399,
					"fftv": 0.6816324831936688
				},
				"bearing": "1",
				"temperature": 29.187345504760743,
				"rpm": 661.454345703125
			}
		},
		"SingleAxisSensorBearing2-X-Axis": {
			"d": {
				"order2": {
					"fftg": 0.014470290909092309,
					"fftv": 0.7228228603897439
				},
				"order7": {
					"fftg": 0.4338215721011194,
					"fftv": 6.189834568989747
				},
				"order8": {
					"fftg": 0.16740781853898746,
					"fftv": 2.166633035877287
				},
				"axis": "X",
				"timestamp": 1583925131,
				"order4": {
					"fftg": 0.1607288786102452,
					"fftv": 4.0271148651652999
				},
				"order5": {
					"fftg": 0.6490810011609445,
					"fftv": 13.012983007718603
				},
				"order6": {
					"fftg": 0.6199533392086813,
					"fftv": 10.275047019646238
				},
				"order1": {
					"fftg": 0.35421113392600997,
					"fftv": 35.849015469905747
				},
				"order3": {
					"fftg": 0.16854120351108166,
					"fftv": 5.548365331437831
				},
				"bearing": "2",
				"temperature": 29.187345504760743,
				"rpm": 661.454345703125
			}
		}
	},
	"deviceId": "SingleAxisSensorBearing2-X-Axis",
	"deviceType": "SingleAxisSensor",
	"eventType": "event",
	"format": "json",
	"_msgid": "6eecbf98.42c17"
}