{
	"topic": "iot-2/type/SingleAxisSensor/id/SingleAxisSensorBearing2-X-Axis/evt/event/fmt/json",
	"payload": {
		"SingleAxisSensorBearing1-X-Axis": {
			"d": {
				"order7": {
					"fftv": 4.073413983088439,
					"fftg": 0.28474411155102727
				},
				"order4": {
					"fftv": 1.4891164801098019,
					"fftg": 0.060223616588447968
				},
				"rpm": 661.2817993164063,
				"bearing": "1",
				"order8": {
					"fftv": 0.9824138686013145,
					"fftg": 0.07885885570923601
				},
				"order3": {
					"fftv": 2.798056530595886,
					"fftg": 0.08477763982764193
				},
				"order2": {
					"fftv": 0.6083555177264912,
					"fftg": 0.012055298295331243
				},
				"axis": "X",
				"order1": {
					"fftv": 2.7261813245803028,
					"fftg": 0.02693336490185214
				},
				"timestamp": 1583921782,
				"temperature": 29.936311721801759,
				"order6": {
					"fftv": 13.803043249878018,
					"fftg": 0.8320659968616587
				},
				"order5": {
					"fftv": 8.61843057212637,
					"fftg": 0.42955590537361607
				}
			}
		},
		"SingleAxisSensorBearing1-Y-Axis": {
			"d": {
				"order7": {
					"fftv": 1.11650416936467,
					"fftg": 0.07884926239546565
				},
				"order4": {
					"fftv": 6.470588330787779,
					"fftg": 0.2582827174935735
				},
				"rpm": 661.2817993164063,
				"bearing": "1",
				"order8": {
					"fftv": 0.6250279469876149,
					"fftg": 0.049897615935562817
				},
				"order3": {
					"fftv": 0.4688111483329481,
					"fftg": 0.014409722057419337
				},
				"order2": {
					"fftv": 0.6192668082115276,
					"fftg": 0.01238641536444896
				},
				"axis": "Y",
				"order1": {
					"fftv": 4.378992922935175,
					"fftg": 0.04326099151889922
				},
				"timestamp": 1583921782,
				"temperature": 29.936311721801759,
				"order6": {
					"fftv": 1.243078689178028,
					"fftg": 0.07505843398233708
				},
				"order5": {
					"fftv": 3.404865784372245,
					"fftg": 0.16964566067847765
				}
			}
		},
		"SingleAxisSensorBearing2-X-Axis": {
			"d": {
				"order7": {
					"fftv": 4.550415833537989,
					"fftg": 0.3176676191850199
				},
				"order4": {
					"fftv": 1.8422067390917106,
					"fftg": 0.07347690326647234
				},
				"rpm": 661.2817993164063,
				"bearing": "2",
				"order8": {
					"fftv": 1.3899065872739618,
					"fftg": 0.11298012748101852
				},
				"order3": {
					"fftv": 5.275271659941743,
					"fftg": 0.16091267660800438
				},
				"order2": {
					"fftv": 0.491583804543826,
					"fftg": 0.009886301334459266
				},
				"axis": "X",
				"order1": {
					"fftv": 6.428810118594147,
					"fftg": 0.0635288996764591
				},
				"timestamp": 1583921782,
				"temperature": 29.936311721801759,
				"order6": {
					"fftv": 12.253967058171347,
					"fftg": 0.7415325886330365
				},
				"order5": {
					"fftv": 6.259117990880643,
					"fftg": 0.3121329165394437
				}
			}
		}
	},
	"deviceId": "SingleAxisSensorBearing2-X-Axis",
	"deviceType": "SingleAxisSensor",
	"eventType": "event",
	"format": "json",
	"_msgid": "b4cc5b3b.e4d4b8"
}