{
	"topic": "iot-2/type/SingleAxisSensor/id/SingleAxisSensorBearing2-X-Axis/evt/event/fmt/json",
	"payload": {
		"SingleAxisSensorBearing1-X-Axis": {
			"d": {
				"order7": {
					"fftv": 6.85942503800311,
					"fftg": 0.48166824627417617
				},
				"order4": {
					"fftv": 0.7756971359352939,
					"fftg": 0.03175878323699332
				},
				"rpm": 661.399169921875,
				"bearing": "1",
				"order8": {
					"fftv": 1.3934557706909648,
					"fftg": 0.10447937811139517
				},
				"order3": {
					"fftv": 3.6874892770755958,
					"fftg": 0.11180850437380129
				},
				"order2": {
					"fftv": 0.8941682092190444,
					"fftg": 0.017765899313859594
				},
				"axis": "X",
				"order1": {
					"fftv": 3.8973079737143538,
					"fftg": 0.03849492004847912
				},
				"timestamp": 1583921926,
				"temperature": 29.592514038085939,
				"order6": {
					"fftv": 13.438880687844966,
					"fftg": 0.8090821101507811
				},
				"order5": {
					"fftv": 9.688283484556186,
					"fftg": 0.4829462445378565
				}
			}
		},
		"SingleAxisSensorBearing1-Y-Axis": {
			"d": {
				"order7": {
					"fftv": 0.9946886061851947,
					"fftg": 0.07045424195797873
				},
				"order4": {
					"fftv": 5.945688707054405,
					"fftg": 0.2372569219537961
				},
				"rpm": 661.399169921875,
				"bearing": "1",
				"order8": {
					"fftv": 0.565061669323178,
					"fftg": 0.043687227512696189
				},
				"order3": {
					"fftv": 1.0916084110314868,
					"fftg": 0.03311825991304565
				},
				"order2": {
					"fftv": 0.29463472097707518,
					"fftg": 0.005806776766419429
				},
				"axis": "Y",
				"order1": {
					"fftv": 3.99037501587622,
					"fftg": 0.039422483935925688
				},
				"timestamp": 1583921926,
				"temperature": 29.592514038085939,
				"order6": {
					"fftv": 1.6285589223086992,
					"fftg": 0.0985620682257076
				},
				"order5": {
					"fftv": 3.3128820341081814,
					"fftg": 0.16518386929330168
				}
			}
		},
		"SingleAxisSensorBearing2-X-Axis": {
			"d": {
				"order7": {
					"fftv": 6.574886396668613,
					"fftg": 0.46091483811326186
				},
				"order4": {
					"fftv": 1.107242045537819,
					"fftg": 0.04401844496524442
				},
				"rpm": 661.399169921875,
				"bearing": "2",
				"order8": {
					"fftv": 1.0983005073446653,
					"fftg": 0.08251898750024081
				},
				"order3": {
					"fftv": 6.27905779202006,
					"fftg": 0.19156203631488634
				},
				"order2": {
					"fftv": 0.5470655359207979,
					"fftg": 0.0110689739374351
				},
				"axis": "X",
				"order1": {
					"fftv": 11.14455426701471,
					"fftg": 0.11010991164402118
				},
				"timestamp": 1583921926,
				"temperature": 29.592514038085939,
				"order6": {
					"fftv": 11.878414778395238,
					"fftg": 0.7180628810536438
				},
				"order5": {
					"fftv": 7.299305171568708,
					"fftg": 0.36411620252414736
				}
			}
		}
	},
	"deviceId": "SingleAxisSensorBearing2-X-Axis",
	"deviceType": "SingleAxisSensor",
	"eventType": "event",
	"format": "json",
	"_msgid": "864678e.2fa9188"
}