{
	"topic": "iot-2/type/SingleAxisSensor/id/SingleAxisSensorBearing2-X-Axis/evt/event/fmt/json",
	"payload": {
		"SingleAxisSensorBearing1-X-Axis": {
			"d": {
				"order7": {
					"fftv": 4.217657118505173,
					"fftg": 0.2973139585901534
				},
				"order4": {
					"fftv": 1.257416160183946,
					"fftg": 0.05139798017977355
				},
				"rpm": 661.2821655273438,
				"bearing": "1",
				"order8": {
					"fftv": 1.6056511643050538,
					"fftg": 0.118281802532298
				},
				"order3": {
					"fftv": 2.6234693198395999,
					"fftg": 0.07947147365743056
				},
				"order2": {
					"fftv": 0.9155376704613053,
					"fftg": 0.018326207809774055
				},
				"axis": "X",
				"order1": {
					"fftv": 4.38605389081954,
					"fftg": 0.04332142296165106
				},
				"timestamp": 1583921854,
				"temperature": 29.629362106323243,
				"order6": {
					"fftv": 13.552414437688017,
					"fftg": 0.8146339759279599
				},
				"order5": {
					"fftv": 9.069631303304046,
					"fftg": 0.45197573786808578
				}
			}
		},
		"SingleAxisSensorBearing1-Y-Axis": {
			"d": {
				"order7": {
					"fftv": 1.2439863180729177,
					"fftg": 0.08887107465298247
				},
				"order4": {
					"fftv": 5.323111114099428,
					"fftg": 0.21194257256606933
				},
				"rpm": 661.2821655273438,
				"bearing": "1",
				"order8": {
					"fftv": 1.2507587630991933,
					"fftg": 0.09520311726561638
				},
				"order3": {
					"fftv": 0.9438961241450639,
					"fftg": 0.028725323107223985
				},
				"order2": {
					"fftv": 0.3294939324003206,
					"fftg": 0.006562167897450754
				},
				"axis": "Y",
				"order1": {
					"fftv": 4.107533022515119,
					"fftg": 0.04058029599199372
				},
				"timestamp": 1583921854,
				"temperature": 29.629362106323243,
				"order6": {
					"fftv": 0.9829831453559993,
					"fftg": 0.059195182019924238
				},
				"order5": {
					"fftv": 3.26468559755741,
					"fftg": 0.16272191503571979
				}
			}
		},
		"SingleAxisSensorBearing2-X-Axis": {
			"d": {
				"order7": {
					"fftv": 4.607397130753106,
					"fftg": 0.32433611440013945
				},
				"order4": {
					"fftv": 1.6692876919889708,
					"fftg": 0.06694820859391837
				},
				"rpm": 661.2821655273438,
				"bearing": "2",
				"order8": {
					"fftv": 2.2271722061323464,
					"fftg": 0.16800911569159733
				},
				"order3": {
					"fftv": 5.445962271054166,
					"fftg": 0.16625488265373346
				},
				"order2": {
					"fftv": 0.3714611992622649,
					"fftg": 0.007331560818720219
				},
				"axis": "X",
				"order1": {
					"fftv": 9.390976400598572,
					"fftg": 0.09278649798740815
				},
				"timestamp": 1583921854,
				"temperature": 29.629362106323243,
				"order6": {
					"fftv": 11.788186735740363,
					"fftg": 0.7121826638302241
				},
				"order5": {
					"fftv": 6.206250447382571,
					"fftg": 0.3091697445672103
				}
			}
		}
	},
	"deviceId": "SingleAxisSensorBearing2-X-Axis",
	"deviceType": "SingleAxisSensor",
	"eventType": "event",
	"format": "json",
	"_msgid": "bb724de9.1468d"
}