{
	"topic": "iot-2/type/SingleAxisSensor/id/SingleAxisSensorBearing2-X-Axis/evt/event/fmt/json",
	"payload": {
		"SingleAxisSensorBearing1-X-Axis": {
			"d": {
				"order7": {
					"fftv": 6.365574766753677,
					"fftg": 0.4454273760528489
				},
				"order4": {
					"fftv": 1.1488684788163486,
					"fftg": 0.04639201976632568
				},
				"rpm": 660.9911804199219,
				"bearing": "1",
				"order8": {
					"fftv": 0.8639527269374355,
					"fftg": 0.06554918540057075
				},
				"order3": {
					"fftv": 3.2688781771437824,
					"fftg": 0.09900896341695079
				},
				"order2": {
					"fftv": 0.9495016140750713,
					"fftg": 0.01895132662213317
				},
				"axis": "X",
				"order1": {
					"fftv": 2.6863986957393748,
					"fftg": 0.026533406945941478
				},
				"timestamp": 1583921568,
				"temperature": 29.727581024169923,
				"order6": {
					"fftv": 13.590925196452976,
					"fftg": 0.8190037968429019
				},
				"order5": {
					"fftv": 8.824199326747742,
					"fftg": 0.43926035052938236
				}
			}
		},
		"SingleAxisSensorBearing1-Y-Axis": {
			"d": {
				"order7": {
					"fftv": 1.540356736859879,
					"fftg": 0.10946462410685914
				},
				"order4": {
					"fftv": 6.778978581304655,
					"fftg": 0.2702843945375938
				},
				"rpm": 660.9911804199219,
				"bearing": "1",
				"order8": {
					"fftv": 1.2669343122434518,
					"fftg": 0.09914966007313642
				},
				"order3": {
					"fftv": 0.99753147152598,
					"fftg": 0.030200514654244425
				},
				"order2": {
					"fftv": 0.49798351725840808,
					"fftg": 0.009889979624990319
				},
				"axis": "Y",
				"order1": {
					"fftv": 4.362777928459494,
					"fftg": 0.043102502220850349
				},
				"timestamp": 1583921568,
				"temperature": 29.727581024169923,
				"order6": {
					"fftv": 1.5354786828046437,
					"fftg": 0.09284793293675672
				},
				"order5": {
					"fftv": 3.19664078538885,
					"fftg": 0.15916051064610707
				}
			}
		},
		"SingleAxisSensorBearing2-X-Axis": {
			"d": {
				"order7": {
					"fftv": 6.194684320216146,
					"fftg": 0.4319807996809771
				},
				"order4": {
					"fftv": 1.2083935762225864,
					"fftg": 0.048397019881813437
				},
				"rpm": 660.9911804199219,
				"bearing": "2",
				"order8": {
					"fftv": 1.5057572455990092,
					"fftg": 0.11921256181866795
				},
				"order3": {
					"fftv": 5.80344669235281,
					"fftg": 0.17744055987126615
				},
				"order2": {
					"fftv": 0.729884307446538,
					"fftg": 0.014704310069226474
				},
				"axis": "X",
				"order1": {
					"fftv": 10.350023411939136,
					"fftg": 0.10225829152910134
				},
				"timestamp": 1583921568,
				"temperature": 29.727581024169923,
				"order6": {
					"fftv": 11.339360625669249,
					"fftg": 0.68614644874752
				},
				"order5": {
					"fftv": 6.846761151241509,
					"fftg": 0.34116856894914546
				}
			}
		}
	},
	"deviceId": "SingleAxisSensorBearing2-X-Axis",
	"deviceType": "SingleAxisSensor",
	"eventType": "event",
	"format": "json",
	"_msgid": "636ed551.3c8a3c"
}