{
	"topic": "iot-2/type/SingleAxisSensor/id/SingleAxisSensorBearing2-X-Axis/evt/event/fmt/json",
	"payload": {
		"SingleAxisSensorBearing1-Y-Axis": {
			"d": {
				"order7": {
					"fftv": 1.2695627571692457,
					"fftg": 0.08930621263085723
				},
				"order4": {
					"fftv": 5.627952216040643,
					"fftg": 0.22456925193528588
				},
				"rpm": 661.5461120605469,
				"bearing": "1",
				"order8": {
					"fftv": 0.9146377360281092,
					"fftg": 0.07205055669721169
				},
				"order3": {
					"fftv": 0.9353698986088447,
					"fftg": 0.028276784646750029
				},
				"order2": {
					"fftv": 0.4416474309714975,
					"fftg": 0.008785634732143066
				},
				"axis": "Y",
				"order1": {
					"fftv": 4.267276853016836,
					"fftg": 0.042156972022904529
				},
				"timestamp": 1583922139,
				"temperature": 29.715286254882814,
				"order6": {
					"fftv": 0.7050802805220265,
					"fftg": 0.042543934391056689
				},
				"order5": {
					"fftv": 3.4686071367390856,
					"fftg": 0.17321687862415836
				}
			}
		},
		"SingleAxisSensorBearing1-X-Axis": {
			"d": {
				"order7": {
					"fftv": 3.9826630333821475,
					"fftg": 0.2788171632162894
				},
				"order4": {
					"fftv": 0.9928159090873531,
					"fftg": 0.039941470316831557
				},
				"rpm": 661.5461120605469,
				"bearing": "1",
				"order8": {
					"fftv": 1.150734475323269,
					"fftg": 0.08461189670187047
				},
				"order3": {
					"fftv": 2.658803105434905,
					"fftg": 0.08026927753223064
				},
				"order2": {
					"fftv": 1.0027113072334407,
					"fftg": 0.02001206296025845
				},
				"axis": "X",
				"order1": {
					"fftv": 3.3188779488347697,
					"fftg": 0.032787835111491799
				},
				"timestamp": 1583922139,
				"temperature": 29.715286254882814,
				"order6": {
					"fftv": 14.42293656389284,
					"fftg": 0.8691928941717833
				},
				"order5": {
					"fftv": 8.743655029505373,
					"fftg": 0.4366873837608796
				}
			}
		},
		"SingleAxisSensorBearing2-X-Axis": {
			"d": {
				"order7": {
					"fftv": 4.857932171363673,
					"fftg": 0.33898464707610906
				},
				"order4": {
					"fftv": 1.8533786334539134,
					"fftg": 0.07371668263736679
				},
				"rpm": 661.5461120605469,
				"bearing": "2",
				"order8": {
					"fftv": 1.4378339708617983,
					"fftg": 0.10899248211242695
				},
				"order3": {
					"fftv": 5.593551777477906,
					"fftg": 0.17057743426699582
				},
				"order2": {
					"fftv": 0.4938051142661703,
					"fftg": 0.010048787103410603
				},
				"axis": "X",
				"order1": {
					"fftv": 7.064249385081232,
					"fftg": 0.06980631156081906
				},
				"timestamp": 1583922139,
				"temperature": 29.715286254882814,
				"order6": {
					"fftv": 12.451228645805506,
					"fftg": 0.7534857996301871
				},
				"order5": {
					"fftv": 5.8903954380713,
					"fftg": 0.29397483200707288
				}
			}
		}
	},
	"deviceId": "SingleAxisSensorBearing2-X-Axis",
	"deviceType": "SingleAxisSensor",
	"eventType": "event",
	"format": "json",
	"_msgid": "9a01d61.ed22f28"
}