{
	"topic": "iot-2/type/SingleAxisSensor/id/SingleAxisSensorBearing2-X-Axis/evt/event/fmt/json",
	"payload": {
		"SingleAxisSensorBearing1-Y-Axis": {
			"d": {
				"order7": {
					"fftv": 1.219738179994315,
					"fftg": 0.08626889946312654
				},
				"order4": {
					"fftv": 5.264188357373559,
					"fftg": 0.20975784057293246
				},
				"rpm": 661.3440246582031,
				"bearing": "1",
				"order8": {
					"fftv": 1.9435518863109929,
					"fftg": 0.15392586376386653
				},
				"order3": {
					"fftv": 0.6315761247746021,
					"fftg": 0.019011092298312959
				},
				"order2": {
					"fftv": 0.6424374119472595,
					"fftg": 0.012854816482042482
				},
				"axis": "Y",
				"order1": {
					"fftv": 4.19899693821918,
					"fftg": 0.04148535665677161
				},
				"timestamp": 1583921639,
				"temperature": 29.960866928100587,
				"order6": {
					"fftv": 0.7055558604330708,
					"fftg": 0.04242015826191116
				},
				"order5": {
					"fftv": 3.0429480673776787,
					"fftg": 0.1515797683402657
				}
			}
		},
		"SingleAxisSensorBearing1-X-Axis": {
			"d": {
				"order7": {
					"fftv": 6.414924589813432,
					"fftg": 0.44814211316289206
				},
				"order4": {
					"fftv": 0.9326136724821451,
					"fftg": 0.037529273433281957
				},
				"rpm": 661.3440246582031,
				"bearing": "1",
				"order8": {
					"fftv": 1.155588752903686,
					"fftg": 0.08912832786370216
				},
				"order3": {
					"fftv": 2.3115015500923268,
					"fftg": 0.06975305653913772
				},
				"order2": {
					"fftv": 0.8552971869944177,
					"fftg": 0.0169510673530097
				},
				"axis": "X",
				"order1": {
					"fftv": 3.465430566041804,
					"fftg": 0.03422724887309141
				},
				"timestamp": 1583921639,
				"temperature": 29.960866928100587,
				"order6": {
					"fftv": 8.264515274852086,
					"fftg": 0.4990463319313011
				},
				"order5": {
					"fftv": 9.65687408101746,
					"fftg": 0.48167911829299356
				}
			}
		},
		"SingleAxisSensorBearing2-X-Axis": {
			"d": {
				"order7": {
					"fftv": 6.059187669773227,
					"fftg": 0.4226602418529027
				},
				"order4": {
					"fftv": 1.8539300053243442,
					"fftg": 0.0740301401154353
				},
				"rpm": 661.3440246582031,
				"bearing": "2",
				"order8": {
					"fftv": 2.244412080144059,
					"fftg": 0.17942307657088889
				},
				"order3": {
					"fftv": 4.132175596417045,
					"fftg": 0.12649879265791609
				},
				"order2": {
					"fftv": 0.24369626921636973,
					"fftg": 0.0047999395288551029
				},
				"axis": "X",
				"order1": {
					"fftv": 11.03489248033001,
					"fftg": 0.10902487913186035
				},
				"timestamp": 1583921639,
				"temperature": 29.960866928100587,
				"order6": {
					"fftv": 8.013164807128684,
					"fftg": 0.4888337873569283
				},
				"order5": {
					"fftv": 6.8855207317330049,
					"fftg": 0.3435755282480769
				}
			}
		}
	},
	"deviceId": "SingleAxisSensorBearing2-X-Axis",
	"deviceType": "SingleAxisSensor",
	"eventType": "event",
	"format": "json",
	"_msgid": "3bc20c09.ea4ab4"
}