{
	"topic": "iot-2/type/SingleAxisSensor/id/SingleAxisSensorBearing2-X-Axis/evt/event/fmt/json",
	"payload": {
		"SingleAxisSensorBearing1-X-Axis": {
			"d": {
				"order7": {
					"fftv": 6.550334265326835,
					"fftg": 0.4601745929743042
				},
				"order4": {
					"fftv": 0.5416313809436191,
					"fftg": 0.021867914520221026
				},
				"rpm": 661.0077209472656,
				"bearing": "1",
				"order8": {
					"fftv": 1.3115370767594104,
					"fftg": 0.09774926092795042
				},
				"order3": {
					"fftv": 3.126587388575156,
					"fftg": 0.09502789980460036
				},
				"order2": {
					"fftv": 0.944768155198247,
					"fftg": 0.018947292692118524
				},
				"axis": "X",
				"order1": {
					"fftv": 1.289438030607769,
					"fftg": 0.0127468236816213
				},
				"timestamp": 1583921710,
				"temperature": 29.703025817871095,
				"order6": {
					"fftv": 13.221155556825777,
					"fftg": 0.7978752694776033
				},
				"order5": {
					"fftv": 7.989590611586987,
					"fftg": 0.39839901891603909
				}
			}
		},
		"SingleAxisSensorBearing1-Y-Axis": {
			"d": {
				"order7": {
					"fftv": 2.0134888897441325,
					"fftg": 0.14285205588741779
				},
				"order4": {
					"fftv": 7.34272430970984,
					"fftg": 0.2931233246366058
				},
				"rpm": 661.0077209472656,
				"bearing": "1",
				"order8": {
					"fftv": 1.3115950229130198,
					"fftg": 0.10244516899927167
				},
				"order3": {
					"fftv": 0.996734869555856,
					"fftg": 0.03036544242941842
				},
				"order2": {
					"fftv": 0.48268745659701559,
					"fftg": 0.009624706737351325
				},
				"axis": "Y",
				"order1": {
					"fftv": 4.6651649184916679,
					"fftg": 0.04608679262380559
				},
				"timestamp": 1583921710,
				"temperature": 29.703025817871095,
				"order6": {
					"fftv": 1.1725134907726234,
					"fftg": 0.07077720228501305
				},
				"order5": {
					"fftv": 3.2536103775669584,
					"fftg": 0.16215541721000713
				}
			}
		},
		"SingleAxisSensorBearing2-X-Axis": {
			"d": {
				"order7": {
					"fftv": 6.644618026182135,
					"fftg": 0.46522764446434058
				},
				"order4": {
					"fftv": 1.4421989433305265,
					"fftg": 0.05733608555861411
				},
				"rpm": 661.0077209472656,
				"bearing": "2",
				"order8": {
					"fftv": 1.3749194351035457,
					"fftg": 0.10736048365138293
				},
				"order3": {
					"fftv": 5.1413679698200849,
					"fftg": 0.15748720468872119
				},
				"order2": {
					"fftv": 0.5798101977237662,
					"fftg": 0.011658442880369673
				},
				"axis": "X",
				"order1": {
					"fftv": 7.731634873884162,
					"fftg": 0.07640235862167029
				},
				"timestamp": 1583921710,
				"temperature": 29.703025817871095,
				"order6": {
					"fftv": 11.832880147550128,
					"fftg": 0.7172739696894451
				},
				"order5": {
					"fftv": 6.49014871104887,
					"fftg": 0.3242696915933534
				}
			}
		}
	},
	"deviceId": "SingleAxisSensorBearing2-X-Axis",
	"deviceType": "SingleAxisSensor",
	"eventType": "event",
	"format": "json",
	"_msgid": "91b94517.cfd818"
}