{
	"topic": "iot-2/type/SingleAxisSensor/id/SingleAxisSensorBearing2-X-Axis/evt/event/fmt/json",
	"payload": {
		"SingleAxisSensorBearing1-X-Axis": {
			"d": {
				"order7": {
					"fftv": 4.932342595583143,
					"fftg": 0.3442973636121606
				},
				"order4": {
					"fftv": 1.214270535809404,
					"fftg": 0.048788700913541548
				},
				"rpm": 661.3660888671875,
				"bearing": "1",
				"order8": {
					"fftv": 1.5574026752794404,
					"fftg": 0.12041257230835693
				},
				"order3": {
					"fftv": 3.4167769685083955,
					"fftg": 0.10397539556496455
				},
				"order2": {
					"fftv": 0.5545045239578569,
					"fftg": 0.010998778261733622
				},
				"axis": "X",
				"order1": {
					"fftv": 2.6046361970860305,
					"fftg": 0.025732865455268578
				},
				"timestamp": 1583922779,
				"temperature": 29.38378143310547,
				"order6": {
					"fftv": 15.99906534057487,
					"fftg": 0.9658915185480018
				},
				"order5": {
					"fftv": 7.794724875885992,
					"fftg": 0.38881421829811238
				}
			}
		},
		"SingleAxisSensorBearing1-Y-Axis": {
			"d": {
				"order7": {
					"fftv": 1.7757082792135202,
					"fftg": 0.12560866334793539
				},
				"order4": {
					"fftv": 6.505500745063058,
					"fftg": 0.2598194075662307
				},
				"rpm": 661.3660888671875,
				"bearing": "1",
				"order8": {
					"fftv": 1.1161092302175058,
					"fftg": 0.0875952253038872
				},
				"order3": {
					"fftv": 0.6508556485260474,
					"fftg": 0.019969114258601478
				},
				"order2": {
					"fftv": 0.6442498516514477,
					"fftg": 0.012837605830627118
				},
				"axis": "Y",
				"order1": {
					"fftv": 4.313536656998495,
					"fftg": 0.042611661751999988
				},
				"timestamp": 1583922779,
				"temperature": 29.38378143310547,
				"order6": {
					"fftv": 1.03029606132803,
					"fftg": 0.062272338829625458
				},
				"order5": {
					"fftv": 3.1889499914840244,
					"fftg": 0.15895882595892317
				}
			}
		},
		"SingleAxisSensorBearing2-X-Axis": {
			"d": {
				"order7": {
					"fftv": 6.161526455888949,
					"fftg": 0.42941076564232258
				},
				"order4": {
					"fftv": 1.8163096447116223,
					"fftg": 0.07242794341190706
				},
				"rpm": 661.3660888671875,
				"bearing": "2",
				"order8": {
					"fftv": 1.429096432997782,
					"fftg": 0.1138423817695857
				},
				"order3": {
					"fftv": 5.815187058576454,
					"fftg": 0.1774835993787337
				},
				"order2": {
					"fftv": 0.48233780921594607,
					"fftg": 0.009749198375725974
				},
				"axis": "X",
				"order1": {
					"fftv": 6.146592141249512,
					"fftg": 0.060739526462555797
				},
				"timestamp": 1583922779,
				"temperature": 29.38378143310547,
				"order6": {
					"fftv": 14.676262179525628,
					"fftg": 0.8882111700691742
				},
				"order5": {
					"fftv": 5.671978217721241,
					"fftg": 0.28291490572573177
				}
			}
		}
	},
	"deviceId": "SingleAxisSensorBearing2-X-Axis",
	"deviceType": "SingleAxisSensor",
	"eventType": "event",
	"format": "json",
	"_msgid": "ef49cfed.4b73f"
}