{
	"topic": "iot-2/type/SingleAxisSensor/id/SingleAxisSensorBearing2-X-Axis/evt/event/fmt/json",
	"payload": {
		"SingleAxisSensorBearing1-X-Axis": {
			"d": {
				"order7": {
					"fftv": 3.082514386860867,
					"fftg": 0.21590924112780139
				},
				"order4": {
					"fftv": 0.6021344833895722,
					"fftg": 0.023888453810125458
				},
				"rpm": 661.7706909179688,
				"bearing": "1",
				"order8": {
					"fftv": 1.0078582746075087,
					"fftg": 0.07682535857027845
				},
				"order3": {
					"fftv": 4.618759070594537,
					"fftg": 0.13979491291247085
				},
				"order2": {
					"fftv": 1.0573635395740234,
					"fftg": 0.02107756542153074
				},
				"axis": "X",
				"order1": {
					"fftv": 1.6525116476236189,
					"fftg": 0.016338727366659805
				},
				"timestamp": 1583922281,
				"temperature": 29.48200035095215,
				"order6": {
					"fftv": 10.891919251815695,
					"fftg": 0.6552547046992902
				},
				"order5": {
					"fftv": 7.925007789203726,
					"fftg": 0.39613795029410617
				}
			}
		},
		"SingleAxisSensorBearing1-Y-Axis": {
			"d": {
				"order7": {
					"fftv": 1.282535978769445,
					"fftg": 0.09077318954051969
				},
				"order4": {
					"fftv": 6.50245815168323,
					"fftg": 0.2593723673774732
				},
				"rpm": 661.7706909179688,
				"bearing": "1",
				"order8": {
					"fftv": 1.111000918952215,
					"fftg": 0.08816087599816285
				},
				"order3": {
					"fftv": 1.2779389337552887,
					"fftg": 0.03870820528436038
				},
				"order2": {
					"fftv": 0.7139852255421296,
					"fftg": 0.014190047601441087
				},
				"axis": "Y",
				"order1": {
					"fftv": 4.528622702582187,
					"fftg": 0.04473946910851492
				},
				"timestamp": 1583922281,
				"temperature": 29.48200035095215,
				"order6": {
					"fftv": 0.667675687437389,
					"fftg": 0.040341955630019
				},
				"order5": {
					"fftv": 3.350924786926805,
					"fftg": 0.1671690310474189
				}
			}
		},
		"SingleAxisSensorBearing2-X-Axis": {
			"d": {
				"order7": {
					"fftv": 2.8867341029611279,
					"fftg": 0.20091261097262307
				},
				"order4": {
					"fftv": 2.0285145188465356,
					"fftg": 0.08086033430550878
				},
				"rpm": 661.7706909179688,
				"bearing": "2",
				"order8": {
					"fftv": 1.6477032194146147,
					"fftg": 0.1307691336159776
				},
				"order3": {
					"fftv": 5.651920347906277,
					"fftg": 0.17190628199964323
				},
				"order2": {
					"fftv": 0.2344185872036595,
					"fftg": 0.004654645336220655
				},
				"axis": "X",
				"order1": {
					"fftv": 6.0125350910705299,
					"fftg": 0.05942619396097842
				},
				"timestamp": 1583922281,
				"temperature": 29.48200035095215,
				"order6": {
					"fftv": 9.632820017750868,
					"fftg": 0.583623066755115
				},
				"order5": {
					"fftv": 5.613735518926761,
					"fftg": 0.28042482554208256
				}
			}
		}
	},
	"deviceId": "SingleAxisSensorBearing2-X-Axis",
	"deviceType": "SingleAxisSensor",
	"eventType": "event",
	"format": "json",
	"_msgid": "7eec73bc.e1124c"
}